id,latitude,longitude,1,2,3,4,5,6,7,8,9,10,11,12,
1,-1.338686668,36.66734752,1,0,0,0,0,0,0,0,0,0,0,0,
2,-1.29514269,36.7983148,1,0,0,0,0,0,0,0,0,0,0,0,
3,-1.293913356,36.86165015,1,0,0,0,0,0,0,0,0,0,0,0,
4,-1.220313017,36.89471615,1,0,0,0,0,0,0,0,0,0,0,0,
5,-1.304512823,36.82947038,1,0,0,0,0,0,0,0,0,0,0,0,
6,-1.280184767,36.83450385,1,0,0,0,0,0,0,0,0,0,0,0,
7,-1.224143766,36.91455249,1,0,0,0,0,0,0,0,0,0,0,0,
8,-1.283941098,36.91142321,1,0,0,0,0,0,0,0,0,0,0,0,
9,-1.301634809,36.86137715,1,0,0,0,0,0,0,0,0,0,0,0,
10,-1.303832528,36.8663883,1,0,0,0,0,0,0,0,0,0,0,0,
11,-1.287182268,36.74517664,1,0,0,0,0,0,0,0,0,0,0,0,
12,-1.280372473,36.82707575,1,0,0,0,0,0,0,0,0,0,0,0,
13,-1.28648269,36.83031234,1,0,0,0,0,0,0,0,0,0,0,0,
14,-1.302326425,36.81471631,1,0,0,0,0,0,0,0,0,0,0,0,
15,-1.318909773,36.86988118,1,0,0,0,0,0,0,0,0,0,0,0,
16,-1.248630021,36.94672841,1,0,0,0,0,0,0,0,0,0,0,0,
17,-1.235714588,36.93890301,1,0,0,0,0,0,0,0,0,0,0,0,
18,-1.261340736,36.73522518,1,0,0,0,0,0,0,0,0,0,0,0,
19,-1.265492187,36.85356571,1,0,0,0,0,0,0,0,0,0,0,0,
20,-1.289708049,36.73922055,1,0,0,0,0,0,0,0,0,0,0,0,
21,-1.244786725,36.84473187,1,0,0,0,0,0,0,0,0,0,0,0,
22,-1.295527432,36.83294965,1,0,0,0,0,0,0,0,0,0,0,0,
23,-1.307245745,36.87568117,1,0,0,0,0,0,0,0,0,0,0,0,
24,-1.254832462,36.75163896,1,0,0,0,0,0,0,0,0,0,0,0,
25,-1.282223169,36.82724631,1,0,0,0,0,0,0,0,0,0,0,0,
26,-1.298398777,36.76950264,1,0,0,0,0,0,0,0,0,0,0,0,
27,-1.270564254,36.74708131,1,0,0,0,0,0,0,0,0,0,0,0,
28,-1.28089635,36.84951611,1,0,0,0,0,0,0,0,0,0,0,0,
29,-1.275476025,36.79433349,1,0,0,0,0,0,0,0,0,0,0,0,
30,-1.274580735,36.79834877,1,0,0,0,0,0,0,0,0,0,0,0,
31,-1.285892575,36.85406511,1,0,0,0,0,0,0,0,0,0,0,0,
32,-1.261894248,36.85057102,1,0,0,0,0,0,0,0,0,0,0,0,
33,-1.287849732,36.87316305,1,0,0,0,0,0,0,0,0,0,0,0,
34,-1.293267938,36.86770227,1,0,0,0,0,0,0,0,0,0,0,0,
35,-1.332085162,36.87078086,1,0,0,0,0,0,0,0,0,0,0,0,
36,-1.221369162,36.85749837,1,0,0,0,0,0,0,0,0,0,0,0,
37,-1.286419445,36.74705597,1,0,0,0,0,0,0,0,0,0,0,0,
38,-1.298587643,36.80245671,1,0,0,0,0,0,0,0,0,0,0,0,
39,-1.295224969,36.80091824,1,0,0,0,0,0,0,0,0,0,0,0,
40,-1.317186985,36.86651382,1,0,0,0,0,0,0,0,0,0,0,0,
41,-1.277369819,36.8260016,1,0,0,0,0,0,0,0,0,0,0,0,
42,-1.279780058,36.81172316,1,0,0,0,0,0,0,0,0,0,0,0,
43,-1.315022001,36.84221549,1,0,0,0,0,0,0,0,0,0,0,0,
44,-1.312388066,36.79030111,1,0,0,0,0,0,0,0,0,0,0,0,
45,-1.307843065,36.89486951,1,0,0,0,0,0,0,0,0,0,0,0,
46,-1.365780112,36.91117646,1,0,0,0,0,0,0,0,0,0,0,0,
47,-1.222398964,36.91134157,1,0,0,0,0,0,0,0,0,0,0,0,
48,-1.321416064,36.82374368,1,0,0,0,0,0,0,0,0,0,0,0,
49,-1.331645421,36.89205685,1,0,0,0,0,0,0,0,0,0,0,0,
50,-1.267334753,36.75462674,1,0,0,0,0,0,0,0,0,0,0,0,
51,-1.221154164,36.92074297,1,0,0,0,0,0,0,0,0,0,0,0,
52,-1.269336141,36.84146747,1,0,0,0,0,0,0,0,0,0,0,0,
53,-1.217698154,36.81577261,1,0,0,0,0,0,0,0,0,0,0,0,
54,-1.30964101,36.78787242,1,0,0,0,0,0,0,0,0,0,0,0,
55,-1.255317287,36.75245455,1,0,0,0,0,0,0,0,0,0,0,0,
56,-1.251107532,36.82344112,1,0,0,0,0,0,0,0,0,0,0,0,
57,-1.281888759,36.97218156,1,0,0,0,0,0,0,0,0,0,0,0,
58,-1.28716602,36.97346902,1,0,0,0,0,0,0,0,0,0,0,0,
59,-1.28169849,36.75260965,1,0,0,0,0,0,0,0,0,0,0,0,
60,-1.296069797,36.8136669,1,0,0,0,0,0,0,0,0,0,0,0,
61,-1.225979448,36.86332274,1,0,0,0,0,0,0,0,0,0,0,0,
62,-1.336982292,36.70809554,1,0,0,0,0,0,0,0,0,0,0,0,
63,-1.331065259,36.78259198,1,0,0,0,0,0,0,0,0,0,0,0,
64,-1.309583694,36.85907066,1,0,0,0,0,0,0,0,0,0,0,0,
65,-1.260889352,36.79054443,1,0,0,0,0,0,0,0,0,0,0,0,
66,-1.285262726,36.83889288,1,0,0,0,0,0,0,0,0,0,0,0,
67,-1.27920683,36.82599926,1,0,0,0,0,0,0,0,0,0,0,0,
68,-1.220247603,36.76754635,1,0,0,0,0,0,0,0,0,0,0,0,
69,-1.27026392,36.74420598,1,0,0,0,0,0,0,0,0,0,0,0,
70,-1.309780104,36.87976729,1,0,0,0,0,0,0,0,0,0,0,0,
71,-1.286063243,36.84252917,1,0,0,0,0,0,0,0,0,0,0,0,
72,-1.309114933,36.8815448,1,0,0,0,0,0,0,0,0,0,0,0,
73,-1.274488879,36.88944602,1,0,0,0,0,0,0,0,0,0,0,0,
74,-1.303707396,36.73721214,1,0,0,0,0,0,0,0,0,0,0,0,
75,-1.279401447,36.81820704,1,0,0,0,0,0,0,0,0,0,0,0,
76,-1.317992779,36.81632438,1,0,0,0,0,0,0,0,0,0,0,0,
77,-1.279401447,36.81820704,1,0,0,0,0,0,0,0,0,0,0,0,
78,-1.285783179,36.842886,1,0,0,0,0,0,0,0,0,0,0,0,
79,-1.33120655,36.85732956,1,0,0,0,0,0,0,0,0,0,0,0,
80,-1.251376491,36.75550554,1,0,0,0,0,0,0,0,0,0,0,0,
81,-1.29362457,36.78786254,1,0,0,0,0,0,0,0,0,0,0,0,
82,-1.330916771,36.6872207,0,1,0,0,0,0,0,0,0,0,0,0,
83,-1.290652333,36.84485191,0,1,0,0,0,0,0,0,0,0,0,0,
84,-1.248163557,36.92081733,0,1,0,0,0,0,0,0,0,0,0,0,
85,-1.309789941,36.74576303,0,1,0,0,0,0,0,0,0,0,0,0,
86,-1.262379481,36.98631985,0,1,0,0,0,0,0,0,0,0,0,0,
87,-1.274998466,36.89560604,0,1,0,0,0,0,0,0,0,0,0,0,
88,-1.267552891,36.81043915,0,1,0,0,0,0,0,0,0,0,0,0,
89,-1.260978525,36.78562643,0,1,0,0,0,0,0,0,0,0,0,0,
90,-1.292691703,36.81193468,0,1,0,0,0,0,0,0,0,0,0,0,
91,-1.305804358,36.77968373,0,1,0,0,0,0,0,0,0,0,0,0,
92,-1.226197652,36.87169883,0,1,0,0,0,0,0,0,0,0,0,0,
93,-1.256681239,36.81685018,0,1,0,0,0,0,0,0,0,0,0,0,
94,-1.227658791,36.92826228,0,1,0,0,0,0,0,0,0,0,0,0,
95,-1.307615519,36.79995819,0,1,0,0,0,0,0,0,0,0,0,0,
96,-1.339324793,36.74312544,0,1,0,0,0,0,0,0,0,0,0,0,
97,-1.243209794,36.79381509,0,1,0,0,0,0,0,0,0,0,0,0,
98,-1.181348274,36.89327487,0,1,0,0,0,0,0,0,0,0,0,0,
99,-1.283764012,36.82392676,0,1,0,0,0,0,0,0,0,0,0,0,
100,-1.283506621,36.81964896,0,1,0,0,0,0,0,0,0,0,0,0,
101,-1.314332313,36.8319136,0,1,0,0,0,0,0,0,0,0,0,0,
102,-1.251107532,36.82344112,0,1,0,0,0,0,0,0,0,0,0,0,
103,-1.255317287,36.75245455,0,1,0,0,0,0,0,0,0,0,0,0,
104,-1.251107532,36.82344112,0,1,0,0,0,0,0,0,0,0,0,0,
105,-1.281888759,36.97218156,0,1,0,0,0,0,0,0,0,0,0,0,
106,-1.28716602,36.97346902,0,1,0,0,0,0,0,0,0,0,0,0,
107,-1.28169849,36.75260965,0,1,0,0,0,0,0,0,0,0,0,0,
108,-1.296069797,36.8136669,0,1,0,0,0,0,0,0,0,0,0,0,
109,-1.225979448,36.86332274,0,1,0,0,0,0,0,0,0,0,0,0,
110,-1.336982292,36.70809554,0,1,0,0,0,0,0,0,0,0,0,0,
111,-1.331065259,36.78259198,0,1,0,0,0,0,0,0,0,0,0,0,
112,-1.309583694,36.85907066,0,1,0,0,0,0,0,0,0,0,0,0,
113,-1.260889352,36.79054443,0,1,0,0,0,0,0,0,0,0,0,0,
114,-1.285262726,36.83889288,0,1,0,0,0,0,0,0,0,0,0,0,
115,-1.27920683,36.82599926,0,1,0,0,0,0,0,0,0,0,0,0,
116,-1.220247603,36.76754635,0,1,0,0,0,0,0,0,0,0,0,0,
117,-1.27026392,36.74420598,0,1,0,0,0,0,0,0,0,0,0,0,
118,-1.309780104,36.87976729,0,1,0,0,0,0,0,0,0,0,0,0,
119,-1.286063243,36.84252917,0,1,0,0,0,0,0,0,0,0,0,0,
120,-1.309114933,36.8815448,0,1,0,0,0,0,0,0,0,0,0,0,
121,-1.274488879,36.88944602,0,1,0,0,0,0,0,0,0,0,0,0,
122,-1.303707396,36.73721214,0,1,0,0,0,0,0,0,0,0,0,0,
123,-1.279401447,36.81820704,0,1,0,0,0,0,0,0,0,0,0,0,
124,-1.317992779,36.81632438,0,1,0,0,0,0,0,0,0,0,0,0,
125,-1.279401447,36.81820704,0,1,0,0,0,0,0,0,0,0,0,0,
126,-1.285783179,36.842886,0,1,0,0,0,0,0,0,0,0,0,0,
127,-1.33120655,36.85732956,0,1,0,0,0,0,0,0,0,0,0,0,
128,-1.229881997,36.80352233,0,1,0,0,0,0,0,0,0,0,0,0,
129,-1.288158104,36.8395008,0,1,0,0,0,0,0,0,0,0,0,0,
130,-1.308195902,36.82208582,0,1,0,0,0,0,0,0,0,0,0,0,
131,-1.236181559,36.81129664,0,1,0,0,0,0,0,0,0,0,0,0,
132,-1.291600977,36.82038506,0,1,0,0,0,0,0,0,0,0,0,0,
133,-1.33782699,36.76851917,0,1,0,0,0,0,0,0,0,0,0,0,
134,-1.302848726,36.76783157,0,1,0,0,0,0,0,0,0,0,0,0,
135,-1.282601039,36.73805489,0,1,0,0,0,0,0,0,0,0,0,0,
136,-1.263549822,36.80582552,0,1,0,0,0,0,0,0,0,0,0,0,
137,-1.28195217,36.88710018,0,1,0,0,0,0,0,0,0,0,0,0,
138,-1.271097308,36.80855406,0,1,0,0,0,0,0,0,0,0,0,0,
139,-1.289954896,36.73903778,0,1,0,0,0,0,0,0,0,0,0,0,
140,-1.278660426,36.77884643,0,1,0,0,0,0,0,0,0,0,0,0,
141,-1.322631195,36.88572548,0,1,0,0,0,0,0,0,0,0,0,0,
142,-1.321223383,36.79287029,0,1,0,0,0,0,0,0,0,0,0,0,
143,-1.233517013,36.84396457,0,1,0,0,0,0,0,0,0,0,0,0,
144,-1.281270824,36.75329812,0,1,0,0,0,0,0,0,0,0,0,0,
145,-1.270035636,36.7425168,0,1,0,0,0,0,0,0,0,0,0,0,
146,-1.287479673,36.74677939,0,1,0,0,0,0,0,0,0,0,0,0,
147,-1.282151513,36.74964235,0,1,0,0,0,0,0,0,0,0,0,0,
148,-1.259013735,36.85644449,0,1,0,0,0,0,0,0,0,0,0,0,
149,-1.253579715,36.87451927,0,1,0,0,0,0,0,0,0,0,0,0,
150,-1.225073776,36.9163937,0,1,0,0,0,0,0,0,0,0,0,0,
151,-1.265517464,36.99373598,0,1,0,0,0,0,0,0,0,0,0,0,
152,-1.27190462,36.99514988,0,1,0,0,0,0,0,0,0,0,0,0,
153,-1.256743876,36.9892858,0,1,0,0,0,0,0,0,0,0,0,0,
154,-1.260372935,36.97848042,0,1,0,0,0,0,0,0,0,0,0,0,
155,-1.251949491,36.94449219,0,1,0,0,0,0,0,0,0,0,0,0,
156,-1.259555757,36.98192401,0,1,0,0,0,0,0,0,0,0,0,0,
157,-1.258643006,36.99014075,0,0,1,0,0,0,0,0,0,0,0,0,
158,-1.229307968,36.92390806,0,0,1,0,0,0,0,0,0,0,0,0,
159,-1.229630547,36.91777766,0,0,1,0,0,0,0,0,0,0,0,0,
160,-1.213557338,36.89131668,0,0,1,0,0,0,0,0,0,0,0,0,
161,-1.223038891,36.89410029,0,0,1,0,0,0,0,0,0,0,0,0,
162,-1.227551873,36.91644378,0,0,1,0,0,0,0,0,0,0,0,0,
163,-1.245858004,36.90863496,0,0,1,0,0,0,0,0,0,0,0,0,
164,-1.245966536,36.90125308,0,0,1,0,0,0,0,0,0,0,0,0,
165,-1.250524852,36.90060174,0,0,1,0,0,0,0,0,0,0,0,0,
166,-1.247160381,36.90624671,0,0,1,0,0,0,0,0,0,0,0,0,
167,-1.249439539,36.88811767,0,0,1,0,0,0,0,0,0,0,0,0,
168,-1.250633383,36.88041012,0,0,1,0,0,0,0,0,0,0,0,0,
169,-1.256131904,36.88728328,0,0,1,0,0,0,0,0,0,0,0,0,
170,-1.258763848,36.86662154,0,0,1,0,0,0,0,0,0,0,0,0,
171,-1.260917253,36.86590357,0,0,1,0,0,0,0,0,0,0,0,0,
172,-1.286378793,36.84304977,0,0,1,0,0,0,0,0,0,0,0,0,
173,-1.284049864,36.83761424,0,0,1,0,0,0,0,0,0,0,0,0,
174,-1.305980534,36.8645978,0,0,1,0,0,0,0,0,0,0,0,0,
175,-1.230964284,36.75323634,0,0,1,0,0,0,0,0,0,0,0,0,
176,-1.288901798,36.84130264,0,0,1,0,0,0,0,0,0,0,0,0,
177,-1.303651623,36.85217371,0,0,1,0,0,0,0,0,0,0,0,0,
178,-1.280566273,36.75087562,0,0,1,0,0,0,0,0,0,0,0,0,
179,-1.310007382,36.69217465,0,0,1,0,0,0,0,0,0,0,0,0,
180,-1.281402927,36.75528017,0,0,1,0,0,0,0,0,0,0,0,0,
181,-1.303302928,36.70029268,0,0,1,0,0,0,0,0,0,0,0,0,
182,-1.280874514,36.75118394,0,0,1,0,0,0,0,0,0,0,0,0,
183,-1.271518469,36.73553704,0,0,1,0,0,0,0,0,0,0,0,0,
184,-1.298715809,36.75705381,0,0,1,0,0,0,0,0,0,0,0,0,
185,-1.230338314,36.79949075,0,0,1,0,0,0,0,0,0,0,0,0,
186,-1.232002405,36.8693987,0,0,1,0,0,0,0,0,0,0,0,0,
187,-1.274974041,36.82617408,0,0,1,0,0,0,0,0,0,0,0,0,
188,-1.255739633,36.81398932,0,0,1,0,0,0,0,0,0,0,0,0,
189,-1.277027364,36.83043373,0,0,1,0,0,0,0,0,0,0,0,0,
190,-1.272953459,36.83207395,0,0,1,0,0,0,0,0,0,0,0,0,
191,-1.276412435,36.83558504,0,0,1,0,0,0,0,0,0,0,0,0,
192,-1.278169497,36.82856092,0,0,1,0,0,0,0,0,0,0,0,0,
193,-1.267334753,36.75462674,0,0,1,0,0,0,0,0,0,0,0,0,
194,-1.221154164,36.92074297,0,0,1,0,0,0,0,0,0,0,0,0,
195,-1.269336141,36.84146747,0,0,1,0,0,0,0,0,0,0,0,0,
196,-1.217698154,36.81577261,0,0,1,0,0,0,0,0,0,0,0,0,
197,-1.30964101,36.78787242,0,0,1,0,0,0,0,0,0,0,0,0,
198,-1.251376491,36.75550554,0,0,1,0,0,0,0,0,0,0,0,0,
199,-1.29362457,36.78786254,0,0,1,0,0,0,0,0,0,0,0,0,
200,-1.330916771,36.6872207,0,0,1,0,0,0,0,0,0,0,0,0,
201,-1.290652333,36.84485191,0,0,1,0,0,0,0,0,0,0,0,0,
202,-1.248163557,36.92081733,0,0,1,0,0,0,0,0,0,0,0,0,
203,-1.309789941,36.74576303,0,0,1,0,0,0,0,0,0,0,0,0,
204,-1.262379481,36.98631985,0,0,1,0,0,0,0,0,0,0,0,0,
205,-1.274998466,36.89560604,0,0,1,0,0,0,0,0,0,0,0,0,
206,-1.267552891,36.81043915,0,0,1,0,0,0,0,0,0,0,0,0,
207,-1.309114933,36.8815448,0,0,1,0,0,0,0,0,0,0,0,0,
208,-1.274488879,36.88944602,0,0,1,0,0,0,0,0,0,0,0,0,
209,-1.303707396,36.73721214,0,0,1,0,0,0,0,0,0,0,0,0,
210,-1.279401447,36.81820704,0,0,1,0,0,0,0,0,0,0,0,0,
211,-1.317992779,36.81632438,0,0,1,0,0,0,0,0,0,0,0,0,
212,-1.279401447,36.81820704,0,0,1,0,0,0,0,0,0,0,0,0,
213,-1.285783179,36.842886,0,0,1,0,0,0,0,0,0,0,0,0,
214,-1.33120655,36.85732956,0,0,1,0,0,0,0,0,0,0,0,0,
215,-1.229881997,36.80352233,0,0,1,0,0,0,0,0,0,0,0,0,
216,-1.288158104,36.8395008,0,0,1,0,0,0,0,0,0,0,0,0,
217,-1.263007163,36.85540799,0,0,1,0,0,0,0,0,0,0,0,0,
218,-1.21875192,36.85917207,0,0,1,0,0,0,0,0,0,0,0,0,
219,-1.276317281,36.82048211,0,0,1,0,0,0,0,0,0,0,0,0,
220,-1.305020702,36.86192,0,0,1,0,0,0,0,0,0,0,0,0,
221,-1.263713358,36.74915798,0,0,1,0,0,0,0,0,0,0,0,0,
222,-1.284510486,36.82071993,0,0,1,0,0,0,0,0,0,0,0,0,
223,-1.30950235,36.85923339,0,0,1,0,0,0,0,0,0,0,0,0,
224,-1.262394656,36.72649036,0,0,1,0,0,0,0,0,0,0,0,0,
225,-1.29573518,36.86026521,0,0,1,0,0,0,0,0,0,0,0,0,
226,-1.267017532,36.84323414,0,0,1,0,0,0,0,0,0,0,0,0,
227,-1.262606979,36.90890292,0,0,1,0,0,0,0,0,0,0,0,0,
228,-1.267106904,36.83948605,0,0,1,0,0,0,0,0,0,0,0,0,
229,-1.295617708,36.87037041,0,0,1,0,0,0,0,0,0,0,0,0,
230,-1.269263459,36.83485021,0,0,1,0,0,0,0,0,0,0,0,0,
231,-1.284397577,36.74335722,0,0,1,0,0,0,0,0,0,0,0,0,
232,-1.309271572,36.78671455,0,0,1,0,0,0,0,0,0,0,0,0,
233,-1.25839209,36.86727443,0,0,1,0,0,0,0,0,0,0,0,0,
234,-1.255433187,36.86984165,0,0,0,1,0,0,0,0,0,0,0,0,
235,-1.286931658,36.74141351,0,0,0,1,0,0,0,0,0,0,0,0,
236,-1.286163515,36.83908935,0,0,0,1,0,0,0,0,0,0,0,0,
237,-1.263264257,36.85135718,0,0,0,1,0,0,0,0,0,0,0,0,
238,-1.260667601,36.84838398,0,0,0,1,0,0,0,0,0,0,0,0,
239,-1.284392805,36.74122927,0,0,0,1,0,0,0,0,0,0,0,0,
240,-1.267526257,36.84041484,0,0,0,1,0,0,0,0,0,0,0,0,
241,-1.316165728,36.77941438,0,0,0,1,0,0,0,0,0,0,0,0,
242,-1.283525241,36.75057848,0,0,0,1,0,0,0,0,0,0,0,0,
243,-1.314285263,36.78984783,0,0,0,1,0,0,0,0,0,0,0,0,
244,-1.267555764,36.85215965,0,0,0,1,0,0,0,0,0,0,0,0,
245,-1.269097308,36.81155406,0,0,0,1,0,0,0,0,0,0,0,0,
246,-1.287954896,36.74203778,0,0,0,1,0,0,0,0,0,0,0,0,
247,-1.276660426,36.78184643,0,0,0,1,0,0,0,0,0,0,0,0,
248,-1.320631195,36.88872548,0,0,0,1,0,0,0,0,0,0,0,0,
249,-1.319223383,36.79587029,0,0,0,1,0,0,0,0,0,0,0,0,
250,-1.231517013,36.84696457,0,0,0,1,0,0,0,0,0,0,0,0,
251,-1.291016267,36.75672204,0,0,0,1,0,0,0,0,0,0,0,0,
252,-1.319730213,36.88918682,0,0,0,1,0,0,0,0,0,0,0,0,
253,-1.30840244,36.89070386,0,0,0,1,0,0,0,0,0,0,0,0,
254,-1.293673475,36.87789672,0,0,0,1,0,0,0,0,0,0,0,0,
255,-1.263256694,36.88697176,0,0,0,1,0,0,0,0,0,0,0,0,
256,-1.28163253,36.87302037,0,0,0,1,0,0,0,0,0,0,0,0,
257,-1.28037529,36.75603825,0,0,0,1,0,0,0,0,0,0,0,0,
258,-1.264775559,36.88790804,0,0,0,1,0,0,0,0,0,0,0,0,
259,-1.287860418,36.74835474,0,0,0,1,0,0,0,0,0,0,0,0,
260,-1.289850624,36.83387305,0,0,0,1,0,0,0,0,0,0,0,0,
261,-1.264297231,36.84705028,0,0,0,1,0,0,0,0,0,0,0,0,
262,-1.321217543,36.84865476,0,0,0,1,0,0,0,0,0,0,0,0,
263,-1.260889352,36.79054443,0,0,0,1,0,0,0,0,0,0,0,0,
264,-1.285926108,36.8385386,0,0,0,1,0,0,0,0,0,0,0,0,
265,-1.318202622,36.89337267,0,0,0,1,0,0,0,0,0,0,0,0,
266,-1.311129152,36.78797092,0,0,0,1,0,0,0,0,0,0,0,0,
267,-1.283860418,36.75235474,0,0,0,1,0,0,0,0,0,0,0,0,
268,-1.285850624,36.83787305,0,0,0,1,0,0,0,0,0,0,0,0,
269,-1.260297231,36.85105028,0,0,0,1,0,0,0,0,0,0,0,0,
270,-1.227964284,36.75623634,0,0,0,1,0,0,0,0,0,0,0,0,
271,-1.285901798,36.84430264,0,0,0,1,0,0,0,0,0,0,0,0,
272,-1.300651623,36.85517371,0,0,0,1,0,0,0,0,0,0,0,0,
273,-1.277566273,36.75387562,0,0,0,1,0,0,0,0,0,0,0,0,
274,-1.307007382,36.69517465,0,0,0,1,0,0,0,0,0,0,0,0,
275,-1.278402927,36.75828017,0,0,0,1,0,0,0,0,0,0,0,0,
276,-1.300302928,36.70329268,0,0,0,1,0,0,0,0,0,0,0,0,
277,-1.279401447,36.81820704,0,0,0,1,0,0,0,0,0,0,0,0,
278,-1.317992779,36.81632438,0,0,0,1,0,0,0,0,0,0,0,0,
279,-1.279401447,36.81820704,0,0,0,1,0,0,0,0,0,0,0,0,
280,-1.285783179,36.842886,0,0,0,1,0,0,0,0,0,0,0,0,
281,-1.33120655,36.85732956,0,0,0,1,0,0,0,0,0,0,0,0,
282,-1.229881997,36.80352233,0,0,0,1,0,0,0,0,0,0,0,0,
283,-1.288158104,36.8395008,0,0,0,1,0,0,0,0,0,0,0,0,
284,-1.308195902,36.82208582,0,0,0,1,0,0,0,0,0,0,0,0,
285,-1.236181559,36.81129664,0,0,0,1,0,0,0,0,0,0,0,0,
286,-1.21875192,36.85917207,0,0,0,1,0,0,0,0,0,0,0,0,
287,-1.276317281,36.82048211,0,0,0,1,0,0,0,0,0,0,0,0,
288,-1.305020702,36.86192,0,0,0,1,0,0,0,0,0,0,0,0,
289,-1.263713358,36.74915798,0,0,0,1,0,0,0,0,0,0,0,0,
290,-1.284510486,36.82071993,0,0,0,1,0,0,0,0,0,0,0,0,
291,-1.30950235,36.85923339,0,0,0,1,0,0,0,0,0,0,0,0,
292,-1.262394656,36.72649036,0,0,0,1,0,0,0,0,0,0,0,0,
293,-1.26623596,36.85382768,0,0,0,1,0,0,0,0,0,0,0,0,
294,-1.226115636,36.87024192,0,0,0,1,0,0,0,0,0,0,0,0,
295,-1.314332313,36.8319136,0,0,0,1,0,0,0,0,0,0,0,0,
296,-1.251107532,36.82344112,0,0,0,1,0,0,0,0,0,0,0,0,
297,-1.255317287,36.75245455,0,0,0,1,0,0,0,0,0,0,0,0,
298,-1.251107532,36.82344112,0,0,0,1,0,0,0,0,0,0,0,0,
299,-1.281888759,36.97218156,0,0,0,1,0,0,0,0,0,0,0,0,
300,-1.28716602,36.97346902,0,0,0,1,0,0,0,0,0,0,0,0,
301,-1.314992779,36.81232438,0,0,0,1,0,0,0,0,0,0,0,0,
302,-1.276401447,36.81420704,0,0,0,1,0,0,0,0,0,0,0,0,
303,-1.282783179,36.838886,0,0,0,1,0,0,0,0,0,0,0,0,
304,-1.32820655,36.85332956,0,0,0,1,0,0,0,0,0,0,0,0,
305,-1.226881997,36.79952233,0,0,0,1,0,0,0,0,0,0,0,0,
306,-1.285158104,36.8355008,0,0,0,1,0,0,0,0,0,0,0,0,
307,-1.305195902,36.81808582,0,0,0,0,1,0,0,0,0,0,0,0,
308,-1.233181559,36.80729664,0,0,0,0,1,0,0,0,0,0,0,0,
309,-1.265492187,36.85356571,0,0,0,0,1,0,0,0,0,0,0,0,
310,-1.289708049,36.73922055,0,0,0,0,1,0,0,0,0,0,0,0,
311,-1.244786725,36.84473187,0,0,0,0,1,0,0,0,0,0,0,0,
312,-1.295527432,36.83294965,0,0,0,0,1,0,0,0,0,0,0,0,
313,-1.307245745,36.87568117,0,0,0,0,1,0,0,0,0,0,0,0,
314,-1.254832462,36.75163896,0,0,0,0,1,0,0,0,0,0,0,0,
315,-1.282223169,36.82724631,0,0,0,0,1,0,0,0,0,0,0,0,
316,-1.298398777,36.76950264,0,0,0,0,1,0,0,0,0,0,0,0,
317,-1.270564254,36.74708131,0,0,0,0,1,0,0,0,0,0,0,0,
318,-1.333417971,36.89947468,0,0,0,0,1,0,0,0,0,0,0,0,
319,-1.251071853,36.88880788,0,0,0,0,1,0,0,0,0,0,0,0,
320,-1.311964679,36.79397494,0,0,0,0,1,0,0,0,0,0,0,0,
321,-1.284011061,36.84448996,0,0,0,0,1,0,0,0,0,0,0,0,
322,-1.311189335,36.88946392,0,0,0,0,1,0,0,0,0,0,0,0,
323,-1.285785907,36.84077413,0,0,0,0,1,0,0,0,0,0,0,0,
324,-1.310463902,36.83429498,0,0,0,0,1,0,0,0,0,0,0,0,
325,-1.255668828,36.87138793,0,0,0,0,1,0,0,0,0,0,0,0,
326,-1.311847915,36.87799065,0,0,0,0,1,0,0,0,0,0,0,0,
327,-1.285554987,36.84216825,0,0,0,0,1,0,0,0,0,0,0,0,
328,-1.309598265,36.78607259,0,0,0,0,1,0,0,0,0,0,0,0,
329,-1.265057347,36.85518166,0,0,0,0,1,0,0,0,0,0,0,0,
330,-1.310767864,36.88983896,0,0,0,0,1,0,0,0,0,0,0,0,
331,-1.309432577,36.88984117,0,0,0,0,1,0,0,0,0,0,0,0,
332,-1.262893537,36.85383852,0,0,0,0,1,0,0,0,0,0,0,0,
333,-1.315487407,36.88225878,0,0,0,0,1,0,0,0,0,0,0,0,
334,-1.262904176,36.85312875,0,0,0,0,1,0,0,0,0,0,0,0,
335,-1.29373518,36.86226521,0,0,0,0,1,0,0,0,0,0,0,0,
336,-1.265017532,36.84523414,0,0,0,0,1,0,0,0,0,0,0,0,
337,-1.260606979,36.91090292,0,0,0,0,1,0,0,0,0,0,0,0,
338,-1.265106904,36.84148605,0,0,0,0,1,0,0,0,0,0,0,0,
339,-1.293617708,36.87237041,0,0,0,0,1,0,0,0,0,0,0,0,
340,-1.267263459,36.83685021,0,0,0,0,1,0,0,0,0,0,0,0,
341,-1.282397577,36.74535722,0,0,0,0,1,0,0,0,0,0,0,0,
342,-1.307271572,36.78871455,0,0,0,0,1,0,0,0,0,0,0,0,
343,-1.25639209,36.86927443,0,0,0,0,1,0,0,0,0,0,0,0,
344,-1.338686668,36.66734752,0,0,0,0,1,0,0,0,0,0,0,0,
345,-1.29514269,36.7983148,0,0,0,0,1,0,0,0,0,0,0,0,
346,-1.293913356,36.86165015,0,0,0,0,1,0,0,0,0,0,0,0,
347,-1.220313017,36.89471615,0,0,0,0,1,0,0,0,0,0,0,0,
348,-1.304512823,36.82947038,0,0,0,0,1,0,0,0,0,0,0,0,
349,-1.280184767,36.83450385,0,0,0,0,1,0,0,0,0,0,0,0,
350,-1.224143766,36.91455249,0,0,0,0,1,0,0,0,0,0,0,0,
351,-1.283941098,36.91142321,0,0,0,0,1,0,0,0,0,0,0,0,
352,-1.301634809,36.86137715,0,0,0,0,1,0,0,0,0,0,0,0,
353,-1.303832528,36.8663883,0,0,0,0,1,0,0,0,0,0,0,0,
354,-1.287182268,36.74517664,0,0,0,0,1,0,0,0,0,0,0,0,
355,-1.280372473,36.82707575,0,0,0,0,1,0,0,0,0,0,0,0,
356,-1.28648269,36.83031234,0,0,0,0,1,0,0,0,0,0,0,0,
357,-1.302326425,36.81471631,0,0,0,0,1,0,0,0,0,0,0,0,
358,-1.318909773,36.86988118,0,0,0,0,1,0,0,0,0,0,0,0,
359,-1.248630021,36.94672841,0,0,0,0,1,0,0,0,0,0,0,0,
360,-1.235714588,36.93890301,0,0,0,0,1,0,0,0,0,0,0,0,
361,-1.226197652,36.87169883,0,0,0,0,1,0,0,0,0,0,0,0,
362,-1.256681239,36.81685018,0,0,0,0,1,0,0,0,0,0,0,0,
363,-1.227658791,36.92826228,0,0,0,0,1,0,0,0,0,0,0,0,
364,-1.307615519,36.79995819,0,0,0,0,1,0,0,0,0,0,0,0,
365,-1.339324793,36.74312544,0,0,0,0,1,0,0,0,0,0,0,0,
366,-1.243209794,36.79381509,0,0,0,0,1,0,0,0,0,0,0,0,
367,-1.181348274,36.89327487,0,0,0,0,1,0,0,0,0,0,0,0,
368,-1.283764012,36.82392676,0,0,0,0,1,0,0,0,0,0,0,0,
369,-1.283506621,36.81964896,0,0,0,0,1,0,0,0,0,0,0,0,
370,-1.314332313,36.8319136,0,0,0,0,1,0,0,0,0,0,0,0,
371,-1.251107532,36.82344112,0,0,0,0,1,0,0,0,0,0,0,0,
372,-1.255317287,36.75245455,0,0,0,0,1,0,0,0,0,0,0,0,
373,-1.251107532,36.82344112,0,0,0,0,1,0,0,0,0,0,0,0,
374,-1.281888759,36.97218156,0,0,0,0,1,0,0,0,0,0,0,0,
375,-1.28716602,36.97346902,0,0,0,0,1,0,0,0,0,0,0,0,
376,-1.28169849,36.75260965,0,0,0,0,1,0,0,0,0,0,0,0,
377,-1.296069797,36.8136669,0,0,0,0,1,0,0,0,0,0,0,0,
378,-1.225979448,36.86332274,0,0,0,0,1,0,0,0,0,0,0,0,
379,-1.336982292,36.70809554,0,0,0,0,1,0,0,0,0,0,0,0,
380,-1.331065259,36.78259198,0,0,0,0,1,0,0,0,0,0,0,0,
381,-1.309583694,36.85907066,0,0,0,0,1,0,0,0,0,0,0,0,
382,-1.260889352,36.79054443,0,0,0,0,1,0,0,0,0,0,0,0,
383,-1.289867938,36.87070227,0,0,0,0,1,0,0,0,0,0,0,0,
384,-1.328685162,36.87378086,0,0,0,0,1,0,0,0,0,0,0,0,
385,-1.217969162,36.86049837,0,0,0,0,1,0,0,0,0,0,0,0,
386,-1.283019445,36.75005597,0,0,0,0,1,0,0,0,0,0,0,0,
387,-1.295187643,36.80545671,0,0,0,0,1,0,0,0,0,0,0,0,
388,-1.291824969,36.80391824,0,0,0,0,1,0,0,0,0,0,0,0,
389,-1.313786985,36.86951382,0,0,0,0,1,0,0,0,0,0,0,0,
390,-1.273969819,36.8290016,0,0,0,0,1,0,0,0,0,0,0,0,
391,-1.276380058,36.81472316,0,0,0,0,1,0,0,0,0,0,0,0,
392,-1.311622001,36.84521549,0,0,0,0,1,0,0,0,0,0,0,0,
393,-1.308988066,36.79330111,0,0,0,0,1,0,0,0,0,0,0,0,
394,-1.304443065,36.89786951,0,0,0,0,1,0,0,0,0,0,0,0,
395,-1.362380112,36.91417646,0,0,0,0,1,0,0,0,0,0,0,0,
396,-1.218998964,36.91434157,0,0,0,0,1,0,0,0,0,0,0,0,
397,-1.318016064,36.82674368,0,0,0,0,1,0,0,0,0,0,0,0,
398,-1.328245421,36.89505685,0,0,0,0,1,0,0,0,0,0,0,0,
399,-1.295850441,36.84336293,0,0,0,0,1,0,0,0,0,0,0,0,
400,-1.289566935,36.84379572,0,0,0,0,1,0,0,0,0,0,0,0,
401,-1.291855055,36.86393875,0,0,0,0,1,0,0,0,0,0,0,0,
402,-1.295487858,36.86149538,0,0,0,0,1,0,0,0,0,0,0,0,
403,-1.252075027,36.88897971,0,0,0,0,1,0,0,0,0,0,0,0,
404,-1.293734091,36.86193394,0,0,0,0,1,0,0,0,0,0,0,0,
405,-1.295738396,36.86669537,0,0,0,0,1,0,0,0,0,0,0,0,
406,-1.261177763,36.8682627,0,0,0,0,0,1,0,0,0,0,0,0,
407,-1.271425427,36.84924468,0,0,0,0,0,1,0,0,0,0,0,0,
408,-1.248447116,36.87136365,0,0,0,0,0,1,0,0,0,0,0,0,
409,-1.25458158,36.87486047,0,0,0,0,0,1,0,0,0,0,0,0,
410,-1.285453047,36.84129004,0,0,0,0,0,1,0,0,0,0,0,0,
411,-1.284337607,36.83811368,0,0,0,0,0,1,0,0,0,0,0,0,
412,-1.26148077,36.86048095,0,0,0,0,0,1,0,0,0,0,0,0,
413,-1.292230862,36.84608336,0,0,0,0,0,1,0,0,0,0,0,0,
414,-1.232850396,36.86693838,0,0,0,0,0,1,0,0,0,0,0,0,
415,-1.260116759,36.85681438,0,0,0,0,0,1,0,0,0,0,0,0,
416,-1.289099131,36.84595806,0,0,0,0,0,1,0,0,0,0,0,0,
417,-1.26133849,36.85802603,0,0,0,0,0,1,0,0,0,0,0,0,
418,-1.294861513,36.84338939,0,0,0,0,0,1,0,0,0,0,0,0,
419,-1.308362578,36.78595757,0,0,0,0,0,1,0,0,0,0,0,0,
420,-1.27259916,36.83182966,0,0,0,0,0,1,0,0,0,0,0,0,
421,-1.3571333,36.90185676,0,0,0,0,0,1,0,0,0,0,0,0,
422,-1.326074373,36.86837631,0,0,0,0,0,1,0,0,0,0,0,0,
423,-1.297427445,36.89853887,0,0,0,0,0,1,0,0,0,0,0,0,
424,-1.304061499,36.84334138,0,0,0,0,0,1,0,0,0,0,0,0,
425,-1.313107909,36.782413,0,0,0,0,0,1,0,0,0,0,0,0,
426,-1.322453079,36.79447439,0,0,0,0,0,1,0,0,0,0,0,0,
427,-1.308814681,36.78934923,0,0,0,0,0,1,0,0,0,0,0,0,
428,-1.33691181,36.76076402,0,0,0,0,0,1,0,0,0,0,0,0,
429,-1.323734029,36.78135999,0,0,0,0,0,1,0,0,0,0,0,0,
430,-1.213846402,36.80309519,0,0,0,0,0,1,0,0,0,0,0,0,
431,-1.363550715,36.7389366,0,0,0,0,0,1,0,0,0,0,0,0,
432,-1.241732418,36.77107808,0,0,0,0,0,1,0,0,0,0,0,0,
433,-1.274488879,36.88944602,0,0,0,0,0,1,0,0,0,0,0,0,
434,-1.303707396,36.73721214,0,0,0,0,0,1,0,0,0,0,0,0,
435,-1.279401447,36.81820704,0,0,0,0,0,1,0,0,0,0,0,0,
436,-1.317992779,36.81632438,0,0,0,0,0,1,0,0,0,0,0,0,
437,-1.279401447,36.81820704,0,0,0,0,0,1,0,0,0,0,0,0,
438,-1.285783179,36.842886,0,0,0,0,0,1,0,0,0,0,0,0,
439,-1.269413561,36.70516016,0,0,0,0,0,1,0,0,0,0,0,0,
440,-1.282750687,36.70805353,0,0,0,0,0,1,0,0,0,0,0,0,
441,-1.289921964,36.73408511,0,0,0,0,0,1,0,0,0,0,0,0,
442,-1.288017389,36.7400966,0,0,0,0,0,1,0,0,0,0,0,0,
443,-1.278326539,36.91015909,0,0,0,0,0,1,0,0,0,0,0,0,
444,-1.25544958,36.69320788,0,0,0,0,0,1,0,0,0,0,0,0,
445,-1.273557458,36.70603492,0,0,0,0,0,1,0,0,0,0,0,0,
446,-1.279710688,36.72484129,0,0,0,0,0,1,0,0,0,0,0,0,
447,-1.266704354,36.74384633,0,0,0,0,0,1,0,0,0,0,0,0,
448,-1.278659919,36.75106094,0,0,0,0,0,1,0,0,0,0,0,0,
449,-1.269413561,36.70716016,0,0,0,0,0,1,0,0,0,0,0,0,
450,-1.282750687,36.71005353,0,0,0,0,0,1,0,0,0,0,0,0,
451,-1.289921964,36.73608511,0,0,0,0,0,1,0,0,0,0,0,0,
452,-1.288017389,36.7420966,0,0,0,0,0,1,0,0,0,0,0,0,
453,-1.278326539,36.91215909,0,0,0,0,0,1,0,0,0,0,0,0,
454,-1.25044958,36.70020788,0,0,0,0,0,1,0,0,0,0,0,0,
455,-1.305667213,36.87035361,0,0,0,0,0,1,0,0,0,0,0,0,
456,-1.271215561,36.70630186,0,0,0,0,0,1,0,0,0,0,0,0,
457,-1.238965321,36.76065752,0,0,0,0,0,1,0,0,0,0,0,0,
458,-1.268082338,36.74293904,0,0,0,0,0,1,0,0,0,0,0,0,
459,-1.284687617,36.72509878,0,0,0,0,0,1,0,0,0,0,0,0,
460,-1.262444026,36.73243964,0,0,0,0,0,1,0,0,0,0,0,0,
461,-1.267243289,36.92288161,0,0,0,0,0,1,0,0,0,0,0,0,
462,-1.272674322,36.70664518,0,0,0,0,0,1,0,0,0,0,0,0,
463,-1.275557458,36.70203492,0,0,0,0,0,1,0,0,0,0,0,0,
464,-1.281710688,36.72084129,0,0,0,0,0,1,0,0,0,0,0,0,
465,-1.268704354,36.73984633,0,0,0,0,0,1,0,0,0,0,0,0,
466,-1.280659919,36.74706094,0,0,0,0,0,1,0,0,0,0,0,0,
467,-1.271413561,36.70316016,0,0,0,0,0,1,0,0,0,0,0,0,
468,-1.284750687,36.70605353,0,0,0,0,0,1,0,0,0,0,0,0,
469,-1.291921964,36.73208511,0,0,0,0,0,1,0,0,0,0,0,0,
470,-1.290017389,36.7380966,0,0,0,0,0,1,0,0,0,0,0,0,
471,-1.280326539,36.90815909,0,0,0,0,0,1,0,0,0,0,0,0,
472,-1.25244958,36.69620788,0,0,0,0,0,1,0,0,0,0,0,0,
473,-1.307667213,36.86635361,0,0,0,0,0,1,0,0,0,0,0,0,
474,-1.273215561,36.70230186,0,0,0,0,0,1,0,0,0,0,0,0,
475,-1.240965321,36.75665752,0,0,0,0,0,1,0,0,0,0,0,0,
476,-1.270082338,36.73893904,0,0,0,0,0,1,0,0,0,0,0,0,
477,-1.286687617,36.72109878,0,0,0,0,0,1,0,0,0,0,0,0,
478,-1.264444026,36.72843964,0,0,0,0,0,1,0,0,0,0,0,0,
479,-1.269243289,36.91888161,0,0,0,0,0,1,0,0,0,0,0,0,
480,-1.274674322,36.70264518,0,0,0,0,0,1,0,0,0,0,0,0,
481,-1.281598385,36.91197558,0,0,0,0,0,1,0,0,0,0,0,0,
482,-1.267668772,36.74571929,0,0,0,0,0,1,0,0,0,0,0,0,
483,-1.292318198,36.90161654,0,0,0,0,0,1,0,0,0,0,0,0,
484,-1.276647939,36.7150048,0,0,0,0,0,1,0,0,0,0,0,0,
485,-1.292671967,36.89638622,0,0,0,0,0,1,0,0,0,0,0,0,
486,-1.280132736,36.75431151,0,0,0,0,0,1,0,0,0,0,0,0,
487,-1.277922328,36.71857532,0,0,0,0,0,1,0,0,0,0,0,0,
488,-1.307580605,36.88447473,0,0,0,0,0,1,0,0,0,0,0,0,
489,-1.284370772,36.70419013,0,0,0,0,0,1,0,0,0,0,0,0,
490,-1.310393423,36.85926361,0,0,0,0,0,1,0,0,0,0,0,0,
491,-1.295351904,36.89710105,0,0,0,0,0,1,0,0,0,0,0,0,
492,-1.273557458,36.70403492,0,0,0,0,0,1,0,0,0,0,0,0,
493,-1.279710688,36.72284129,0,0,0,0,0,1,0,0,0,0,0,0,
494,-1.266704354,36.74184633,0,0,0,0,0,1,0,0,0,0,0,0,
495,-1.278659919,36.74906094,0,0,0,0,0,1,0,0,0,0,0,0,
496,-1.269413561,36.70516016,0,0,0,0,0,0,1,0,0,0,0,0,
497,-1.282750687,36.70805353,0,0,0,0,0,0,1,0,0,0,0,0,
498,-1.289921964,36.73408511,0,0,0,0,0,0,1,0,0,0,0,0,
499,-1.288017389,36.7400966,0,0,0,0,0,0,1,0,0,0,0,0,
500,-1.278326539,36.91015909,0,0,0,0,0,0,1,0,0,0,0,0,
501,-1.25044958,36.69820788,0,0,0,0,0,0,1,0,0,0,0,0,
502,-1.305667213,36.86835361,0,0,0,0,0,0,1,0,0,0,0,0,
503,-1.271215561,36.70430186,0,0,0,0,0,0,1,0,0,0,0,0,
504,-1.238965321,36.75865752,0,0,0,0,0,0,1,0,0,0,0,0,
505,-1.268082338,36.74093904,0,0,0,0,0,0,1,0,0,0,0,0,
506,-1.284687617,36.72309878,0,0,0,0,0,0,1,0,0,0,0,0,
507,-1.262444026,36.73043964,0,0,0,0,0,0,1,0,0,0,0,0,
508,-1.267243289,36.92088161,0,0,0,0,0,0,1,0,0,0,0,0,
509,-1.272674322,36.70464518,0,0,0,0,0,0,1,0,0,0,0,0,
510,-1.279598385,36.91397558,0,0,0,0,0,0,1,0,0,0,0,0,
511,-1.265668772,36.74771929,0,0,0,0,0,0,1,0,0,0,0,0,
512,-1.290318198,36.90361654,0,0,0,0,0,0,1,0,0,0,0,0,
513,-1.274647939,36.7170048,0,0,0,0,0,0,1,0,0,0,0,0,
514,-1.290671967,36.89838622,0,0,0,0,0,0,1,0,0,0,0,0,
515,-1.278132736,36.75631151,0,0,0,0,0,0,1,0,0,0,0,0,
516,-1.275922328,36.72057532,0,0,0,0,0,0,1,0,0,0,0,0,
517,-1.305580605,36.88647473,0,0,0,0,0,0,1,0,0,0,0,0,
518,-1.282370772,36.70619013,0,0,0,0,0,0,1,0,0,0,0,0,
519,-1.308393423,36.86126361,0,0,0,0,0,0,1,0,0,0,0,0,
520,-1.293351904,36.89910105,0,0,0,0,0,0,1,0,0,0,0,0,
521,-1.251107532,36.82344112,0,0,0,0,0,0,1,0,0,0,0,0,
522,-1.281888759,36.97218156,0,0,0,0,0,0,1,0,0,0,0,0,
523,-1.28716602,36.97346902,0,0,0,0,0,0,1,0,0,0,0,0,
524,-1.28169849,36.75260965,0,0,0,0,0,0,1,0,0,0,0,0,
525,-1.296069797,36.8136669,0,0,0,0,0,0,1,0,0,0,0,0,
526,-1.225979448,36.86332274,0,0,0,0,0,0,1,0,0,0,0,0,
527,-1.336982292,36.70809554,0,0,0,0,0,0,1,0,0,0,0,0,
528,-1.331065259,36.78259198,0,0,0,0,0,0,1,0,0,0,0,0,
529,-1.309583694,36.85907066,0,0,0,0,0,0,1,0,0,0,0,0,
530,-1.260889352,36.79054443,0,0,0,0,0,0,1,0,0,0,0,0,
531,-1.285262726,36.83889288,0,0,0,0,0,0,1,0,0,0,0,0,
532,-1.27920683,36.82599926,0,0,0,0,0,0,1,0,0,0,0,0,
533,-1.220247603,36.76754635,0,0,0,0,0,0,1,0,0,0,0,0,
534,-1.27026392,36.74420598,0,0,0,0,0,0,1,0,0,0,0,0,
535,-1.26623596,36.85382768,0,0,0,0,0,0,1,0,0,0,0,0,
536,-1.226115636,36.87024192,0,0,0,0,0,0,1,0,0,0,0,0,
537,-1.252037161,36.86943789,0,0,0,0,0,0,1,0,0,0,0,0,
538,-1.307089088,36.87166566,0,0,0,0,0,0,1,0,0,0,0,0,
539,-1.323610385,36.8879306,0,0,0,0,0,0,1,0,0,0,0,0,
540,-1.265737777,36.80665615,0,0,0,0,0,0,1,0,0,0,0,0,
541,-1.272009968,36.7505318,0,0,0,0,0,0,1,0,0,0,0,0,
542,-1.270772088,36.84677653,0,0,0,0,0,0,1,0,0,0,0,0,
543,-1.283465363,36.91224673,0,0,0,0,0,0,1,0,0,0,0,0,
544,-1.285821655,36.82081547,0,0,0,0,0,0,1,0,0,0,0,0,
545,-1.312088812,36.84941863,0,0,0,0,0,0,1,0,0,0,0,0,
546,-1.279457664,36.8181312,0,0,0,0,0,0,1,0,0,0,0,0,
547,-1.290814629,36.86064307,0,0,0,0,0,0,1,0,0,0,0,0,
548,-1.26497048,36.87745562,0,0,0,0,0,0,1,0,0,0,0,0,
549,-1.297218612,36.81510029,0,0,0,0,0,0,1,0,0,0,0,0,
550,-1.322497117,36.73489317,0,0,0,0,0,0,1,0,0,0,0,0,
551,-1.317253566,36.70818017,0,0,0,0,0,0,1,0,0,0,0,0,
552,-1.263340736,36.73722518,0,0,0,0,0,0,1,0,0,0,0,0,
553,-1.267492187,36.85556571,0,0,0,0,0,0,1,0,0,0,0,0,
554,-1.291708049,36.74122055,0,0,0,0,0,0,1,0,0,0,0,0,
555,-1.246786725,36.84673187,0,0,0,0,0,0,1,0,0,0,0,0,
556,-1.297527432,36.83494965,0,0,0,0,0,0,1,0,0,0,0,0,
557,-1.309245745,36.87768117,0,0,0,0,0,0,1,0,0,0,0,0,
558,-1.256832462,36.75363896,0,0,0,0,0,0,1,0,0,0,0,0,
559,-1.284223169,36.82924631,0,0,0,0,0,0,1,0,0,0,0,0,
560,-1.300398777,36.77150264,0,0,0,0,0,0,1,0,0,0,0,0,
561,-1.272564254,36.74908131,0,0,0,0,0,0,1,0,0,0,0,0,
562,-1.28289635,36.85151611,0,0,0,0,0,0,1,0,0,0,0,0,
563,-1.277476025,36.79633349,0,0,0,0,0,0,1,0,0,0,0,0,
564,-1.276580735,36.80034877,0,0,0,0,0,0,1,0,0,0,0,0,
565,-1.287892575,36.85606511,0,0,0,0,0,0,1,0,0,0,0,0,
566,-1.263894248,36.85257102,0,0,0,0,0,0,1,0,0,0,0,0,
567,-1.289849732,36.87516305,0,0,0,0,0,0,1,0,0,0,0,0,
568,-1.295267938,36.86970227,0,0,0,0,0,0,1,0,0,0,0,0,
569,-1.334085162,36.87278086,0,0,0,0,0,0,1,0,0,0,0,0,
570,-1.223369162,36.85949837,0,0,0,0,0,0,1,0,0,0,0,0,
571,-1.288419445,36.74905597,0,0,0,0,0,0,1,0,0,0,0,0,
572,-1.300587643,36.80445671,0,0,0,0,0,0,1,0,0,0,0,0,
573,-1.297224969,36.80291824,0,0,0,0,0,0,1,0,0,0,0,0,
574,-1.319186985,36.86851382,0,0,0,0,0,0,1,0,0,0,0,0,
575,-1.279369819,36.8280016,0,0,0,0,0,0,1,0,0,0,0,0,
576,-1.281780058,36.81372316,0,0,0,0,0,0,1,0,0,0,0,0,
577,-1.317022001,36.84421549,0,0,0,0,0,0,1,0,0,0,0,0,
578,-1.295527432,36.83294965,0,0,0,0,0,0,1,0,0,0,0,0,
579,-1.307245745,36.87568117,0,0,0,0,0,0,1,0,0,0,0,0,
580,-1.254832462,36.75163896,0,0,0,0,0,0,1,0,0,0,0,0,
581,-1.282223169,36.82724631,0,0,0,0,0,0,1,0,0,0,0,0,
582,-1.298398777,36.76950264,0,0,0,0,0,0,1,0,0,0,0,0,
583,-1.270564254,36.74708131,0,0,0,0,0,0,1,0,0,0,0,0,
584,-1.28089635,36.84951611,0,0,0,0,0,0,1,0,0,0,0,0,
585,-1.275476025,36.79433349,0,0,0,0,0,0,1,0,0,0,0,0,
586,-1.274580735,36.79834877,0,0,0,0,0,0,1,0,0,0,0,0,
587,-1.271156872,36.82070379,0,0,0,0,0,0,1,0,0,0,0,0,
588,-1.319905366,36.78651181,0,0,0,0,0,0,1,0,0,0,0,0,
589,-1.227294259,36.8848301,0,0,0,0,0,0,1,0,0,0,0,0,
590,-1.296911449,36.74993718,0,0,0,0,0,0,0,1,0,0,0,0,
591,-1.310991552,36.79567747,0,0,0,0,0,0,0,1,0,0,0,0,
592,-1.304147189,36.83961514,0,0,0,0,0,0,0,1,0,0,0,0,
593,-1.308195902,36.82208582,0,0,0,0,0,0,0,1,0,0,0,0,
594,-1.236181559,36.81129664,0,0,0,0,0,0,0,1,0,0,0,0,
595,-1.291600977,36.82038506,0,0,0,0,0,0,0,1,0,0,0,0,
596,-1.33782699,36.76851917,0,0,0,0,0,0,0,1,0,0,0,0,
597,-1.302848726,36.76783157,0,0,0,0,0,0,0,1,0,0,0,0,
598,-1.282601039,36.73805489,0,0,0,0,0,0,0,1,0,0,0,0,
599,-1.263549822,36.80582552,0,0,0,0,0,0,0,1,0,0,0,0,
600,-1.28195217,36.88710018,0,0,0,0,0,0,0,1,0,0,0,0,
601,-1.271097308,36.80855406,0,0,0,0,0,0,0,1,0,0,0,0,
602,-1.289954896,36.73903778,0,0,0,0,0,0,0,1,0,0,0,0,
603,-1.278660426,36.77884643,0,0,0,0,0,0,0,1,0,0,0,0,
604,-1.322631195,36.88572548,0,0,0,0,0,0,0,1,0,0,0,0,
605,-1.321223383,36.79287029,0,0,0,0,0,0,0,1,0,0,0,0,
606,-1.233517013,36.84396457,0,0,0,0,0,0,0,1,0,0,0,0,
607,-1.283506621,36.81964896,0,0,0,0,0,0,0,1,0,0,0,0,
608,-1.314332313,36.8319136,0,0,0,0,0,0,0,1,0,0,0,0,
609,-1.251107532,36.82344112,0,0,0,0,0,0,0,1,0,0,0,0,
610,-1.255317287,36.75245455,0,0,0,0,0,0,0,1,0,0,0,0,
611,-1.251107532,36.82344112,0,0,0,0,0,0,0,1,0,0,0,0,
612,-1.281888759,36.97218156,0,0,0,0,0,0,0,1,0,0,0,0,
613,-1.28716602,36.97346902,0,0,0,0,0,0,0,1,0,0,0,0,
614,-1.28169849,36.75260965,0,0,0,0,0,0,0,1,0,0,0,0,
615,-1.296069797,36.8136669,0,0,0,0,0,0,0,1,0,0,0,0,
616,-1.225979448,36.86332274,0,0,0,0,0,0,0,1,0,0,0,0,
617,-1.336982292,36.70809554,0,0,0,0,0,0,0,1,0,0,0,0,
618,-1.331065259,36.78259198,0,0,0,0,0,0,0,1,0,0,0,0,
619,-1.309583694,36.85907066,0,0,0,0,0,0,0,1,0,0,0,0,
620,-1.260889352,36.79054443,0,0,0,0,0,0,0,1,0,0,0,0,
621,-1.279401447,36.81820704,0,0,0,0,0,0,0,1,0,0,0,0,
622,-1.285783179,36.842886,0,0,0,0,0,0,0,1,0,0,0,0,
623,-1.33120655,36.85732956,0,0,0,0,0,0,0,1,0,0,0,0,
624,-1.229881997,36.80352233,0,0,0,0,0,0,0,1,0,0,0,0,
625,-1.288158104,36.8395008,0,0,0,0,0,0,0,1,0,0,0,0,
626,-1.263007163,36.85540799,0,0,0,0,0,0,0,1,0,0,0,0,
627,-1.311189335,36.88946392,0,0,0,0,0,0,0,1,0,0,0,0,
628,-1.285785907,36.84077413,0,0,0,0,0,0,0,1,0,0,0,0,
629,-1.310463902,36.83429498,0,0,0,0,0,0,0,1,0,0,0,0,
630,-1.255668828,36.87138793,0,0,0,0,0,0,0,1,0,0,0,0,
631,-1.311847915,36.87799065,0,0,0,0,0,0,0,1,0,0,0,0,
632,-1.285554987,36.84216825,0,0,0,0,0,0,0,1,0,0,0,0,
633,-1.309598265,36.78607259,0,0,0,0,0,0,0,1,0,0,0,0,
634,-1.265057347,36.85518166,0,0,0,0,0,0,0,1,0,0,0,0,
635,-1.310767864,36.88983896,0,0,0,0,0,0,0,1,0,0,0,0,
636,-1.309432577,36.88984117,0,0,0,0,0,0,0,1,0,0,0,0,
637,-1.21875192,36.85917207,0,0,0,0,0,0,0,1,0,0,0,0,
638,-1.276317281,36.82048211,0,0,0,0,0,0,0,1,0,0,0,0,
639,-1.305020702,36.86192,0,0,0,0,0,0,0,1,0,0,0,0,
640,-1.263713358,36.74915798,0,0,0,0,0,0,0,1,0,0,0,0,
641,-1.284510486,36.82071993,0,0,0,0,0,0,0,1,0,0,0,0,
642,-1.30950235,36.85923339,0,0,0,0,0,0,0,1,0,0,0,0,
643,-1.262394656,36.72649036,0,0,0,0,0,0,0,1,0,0,0,0,
644,-1.26623596,36.85382768,0,0,0,0,0,0,0,1,0,0,0,0,
645,-1.226115636,36.87024192,0,0,0,0,0,0,0,1,0,0,0,0,
646,-1.252037161,36.86943789,0,0,0,0,0,0,0,1,0,0,0,0,
647,-1.307089088,36.87166566,0,0,0,0,0,0,0,1,0,0,0,0,
648,-1.323610385,36.8879306,0,0,0,0,0,0,0,1,0,0,0,0,
649,-1.265737777,36.80665615,0,0,0,0,0,0,0,1,0,0,0,0,
650,-1.272009968,36.7505318,0,0,0,0,0,0,0,1,0,0,0,0,
651,-1.270772088,36.84677653,0,0,0,0,0,0,0,1,0,0,0,0,
652,-1.283465363,36.91224673,0,0,0,0,0,0,0,1,0,0,0,0,
653,-1.285821655,36.82081547,0,0,0,0,0,0,0,1,0,0,0,0,
654,-1.312088812,36.84941863,0,0,0,0,0,0,0,1,0,0,0,0,
655,-1.279457664,36.8181312,0,0,0,0,0,0,0,1,0,0,0,0,
656,-1.290814629,36.86064307,0,0,0,0,0,0,0,1,0,0,0,0,
657,-1.246786725,36.84673187,0,0,0,0,0,0,0,1,0,0,0,0,
658,-1.297527432,36.83494965,0,0,0,0,0,0,0,1,0,0,0,0,
659,-1.309245745,36.87768117,0,0,0,0,0,0,0,1,0,0,0,0,
660,-1.256832462,36.75363896,0,0,0,0,0,0,0,1,0,0,0,0,
661,-1.284223169,36.82924631,0,0,0,0,0,0,0,1,0,0,0,0,
662,-1.300398777,36.77150264,0,0,0,0,0,0,0,1,0,0,0,0,
663,-1.272564254,36.74908131,0,0,0,0,0,0,0,1,0,0,0,0,
664,-1.28289635,36.85151611,0,0,0,0,0,0,0,1,0,0,0,0,
665,-1.277476025,36.79633349,0,0,0,0,0,0,0,1,0,0,0,0,
666,-1.276580735,36.80034877,0,0,0,0,0,0,0,1,0,0,0,0,
667,-1.287892575,36.85606511,0,0,0,0,0,0,0,1,0,0,0,0,
668,-1.263894248,36.85257102,0,0,0,0,0,0,0,1,0,0,0,0,
669,-1.289849732,36.87516305,0,0,0,0,0,0,0,1,0,0,0,0,
670,-1.295267938,36.86970227,0,0,0,0,0,0,0,1,0,0,0,0,
671,-1.334085162,36.87278086,0,0,0,0,0,0,0,1,0,0,0,0,
672,-1.223369162,36.85949837,0,0,0,0,0,0,0,1,0,0,0,0,
673,-1.288419445,36.74905597,0,0,0,0,0,0,0,1,0,0,0,0,
674,-1.300587643,36.80445671,0,0,0,0,0,0,0,1,0,0,0,0,
675,-1.297224969,36.80291824,0,0,0,0,0,0,0,1,0,0,0,0,
676,-1.272037161,36.88943789,0,0,0,0,0,0,0,1,0,0,0,0,
677,-1.327089088,36.89166566,0,0,0,0,0,0,0,1,0,0,0,0,
678,-1.343610385,36.9079306,0,0,0,0,0,0,0,1,0,0,0,0,
679,-1.285737777,36.82665615,0,0,0,0,0,0,0,0,1,0,0,0,
680,-1.292009968,36.7705318,0,0,0,0,0,0,0,0,1,0,0,0,
681,-1.290772088,36.86677653,0,0,0,0,0,0,0,0,1,0,0,0,
682,-1.303465363,36.93224673,0,0,0,0,0,0,0,0,1,0,0,0,
683,-1.305821655,36.84081547,0,0,0,0,0,0,0,0,1,0,0,0,
684,-1.332088812,36.86941863,0,0,0,0,0,0,0,0,1,0,0,0,
685,-1.299457664,36.8381312,0,0,0,0,0,0,0,0,1,0,0,0,
686,-1.310814629,36.88064307,0,0,0,0,0,0,0,0,1,0,0,0,
687,-1.28497048,36.89745562,0,0,0,0,0,0,0,0,1,0,0,0,
688,-1.317218612,36.83510029,0,0,0,0,0,0,0,0,1,0,0,0,
689,-1.342497117,36.75489317,0,0,0,0,0,0,0,0,1,0,0,0,
690,-1.337253566,36.72818017,0,0,0,0,0,0,0,0,1,0,0,0,
691,-1.306467955,36.99233109,0,0,0,0,0,0,0,0,1,0,0,0,
692,-1.289907262,36.84355835,0,0,0,0,0,0,0,0,1,0,0,0,
693,-1.291156872,36.84070379,0,0,0,0,0,0,0,0,1,0,0,0,
694,-1.339905366,36.80651181,0,0,0,0,0,0,0,0,1,0,0,0,
695,-1.247294259,36.9048301,0,0,0,0,0,0,0,0,1,0,0,0,
696,-1.275557458,36.70203492,0,0,0,0,0,0,0,0,1,0,0,0,
697,-1.281710688,36.72084129,0,0,0,0,0,0,0,0,1,0,0,0,
698,-1.268704354,36.73984633,0,0,0,0,0,0,0,0,1,0,0,0,
699,-1.280659919,36.74706094,0,0,0,0,0,0,0,0,1,0,0,0,
700,-1.271413561,36.70316016,0,0,0,0,0,0,0,0,1,0,0,0,
701,-1.284750687,36.70605353,0,0,0,0,0,0,0,0,1,0,0,0,
702,-1.291921964,36.73208511,0,0,0,0,0,0,0,0,1,0,0,0,
703,-1.290017389,36.7380966,0,0,0,0,0,0,0,0,1,0,0,0,
704,-1.280326539,36.90815909,0,0,0,0,0,0,0,0,1,0,0,0,
705,-1.25244958,36.69620788,0,0,0,0,0,0,0,0,1,0,0,0,
706,-1.252037161,36.86943789,0,0,0,0,0,0,0,0,1,0,0,0,
707,-1.263007163,36.85540799,0,0,0,0,0,0,0,0,1,0,0,0,
708,-1.21875192,36.85917207,0,0,0,0,0,0,0,0,1,0,0,0,
709,-1.276317281,36.82048211,0,0,0,0,0,0,0,0,1,0,0,0,
710,-1.305020702,36.86192,0,0,0,0,0,0,0,0,1,0,0,0,
711,-1.263713358,36.74915798,0,0,0,0,0,0,0,0,1,0,0,0,
712,-1.284510486,36.82071993,0,0,0,0,0,0,0,0,1,0,0,0,
713,-1.30950235,36.85923339,0,0,0,0,0,0,0,0,1,0,0,0,
714,-1.262394656,36.72649036,0,0,0,0,0,0,0,0,1,0,0,0,
715,-1.307089088,36.87166566,0,0,0,0,0,0,0,0,1,0,0,0,
716,-1.323610385,36.8879306,0,0,0,0,0,0,0,0,1,0,0,0,
717,-1.312088812,36.84941863,0,0,0,0,0,0,0,0,1,0,0,0,
718,-1.279457664,36.8181312,0,0,0,0,0,0,0,0,1,0,0,0,
719,-1.290814629,36.86064307,0,0,0,0,0,0,0,0,1,0,0,0,
720,-1.26497048,36.87745562,0,0,0,0,0,0,0,0,1,0,0,0,
721,-1.297218612,36.81510029,0,0,0,0,0,0,0,0,1,0,0,0,
722,-1.322497117,36.73489317,0,0,0,0,0,0,0,0,1,0,0,0,
723,-1.304147189,36.83961514,0,0,0,0,0,0,0,0,1,0,0,0,
724,-1.308195902,36.82208582,0,0,0,0,0,0,0,0,1,0,0,0,
725,-1.236181559,36.81129664,0,0,0,0,0,0,0,0,1,0,0,0,
726,-1.291600977,36.82038506,0,0,0,0,0,0,0,0,1,0,0,0,
727,-1.314729107,36.87581765,0,0,0,0,0,0,0,0,1,0,0,0,
728,-1.280724654,36.75097182,0,0,0,0,0,0,0,0,1,0,0,0,
729,-1.312125555,36.7873178,0,0,0,0,0,0,0,0,1,0,0,0,
730,-1.279028963,36.75217062,0,0,0,0,0,0,0,0,1,0,0,0,
731,-1.285926108,36.8385386,0,0,0,0,0,0,0,0,1,0,0,0,
732,-1.318202622,36.89337267,0,0,0,0,0,0,0,0,1,0,0,0,
733,-1.311129152,36.78797092,0,0,0,0,0,0,0,0,1,0,0,0,
734,-1.283860418,36.75235474,0,0,0,0,0,0,0,0,1,0,0,0,
735,-1.285850624,36.83787305,0,0,0,0,0,0,0,0,1,0,0,0,
736,-1.260297231,36.85105028,0,0,0,0,0,0,0,0,1,0,0,0,
737,-1.317217543,36.85265476,0,0,0,0,0,0,0,0,1,0,0,0,
738,-1.277557458,36.70003492,0,0,0,0,0,0,0,0,1,0,0,0,
739,-1.283710688,36.71884129,0,0,0,0,0,0,0,0,1,0,0,0,
740,-1.270704354,36.73784633,0,0,0,0,0,0,0,0,1,0,0,0,
741,-1.282659919,36.74506094,0,0,0,0,0,0,0,0,1,0,0,0,
742,-1.269413561,36.70516016,0,0,0,0,0,0,0,0,1,0,0,0,
743,-1.282750687,36.70805353,0,0,0,0,0,0,0,0,1,0,0,0,
744,-1.289921964,36.73408511,0,0,0,0,0,0,0,0,1,0,0,0,
745,-1.288017389,36.7400966,0,0,0,0,0,0,0,0,1,0,0,0,
746,-1.278326539,36.91015909,0,0,0,0,0,0,0,0,1,0,0,0,
747,-1.25544958,36.69320788,0,0,0,0,0,0,0,0,1,0,0,0,
748,-1.255037161,36.86643789,0,0,0,0,0,0,0,0,1,0,0,0,
749,-1.266007163,36.85240799,0,0,0,0,0,0,0,0,1,0,0,0,
750,-1.22175192,36.85617207,0,0,0,0,0,0,0,0,1,0,0,0,
751,-1.273317281,36.82348211,0,0,0,0,0,0,0,0,1,0,0,0,
752,-1.302020702,36.86492,0,0,0,0,0,0,0,0,1,0,0,0,
753,-1.260713358,36.75215798,0,0,0,0,0,0,0,0,1,0,0,0,
754,-1.281510486,36.82371993,0,0,0,0,0,0,0,0,1,0,0,0,
755,-1.30650235,36.86223339,0,0,0,0,0,0,0,0,1,0,0,0,
756,-1.259394656,36.72949036,0,0,0,0,0,0,0,0,1,0,0,0,
757,-1.319589088,36.85916566,0,0,0,0,0,0,0,0,1,0,0,0,
758,-1.336110385,36.8754306,0,0,0,0,0,0,0,0,1,0,0,0,
759,-1.324588812,36.83691863,0,0,0,0,0,0,0,0,1,0,0,0,
760,-1.291957664,36.8056312,0,0,0,0,0,0,0,0,1,0,0,0,
761,-1.303314629,36.84814307,0,0,0,0,0,0,0,0,1,0,0,0,
762,-1.27747048,36.86495562,0,0,0,0,0,0,0,0,1,0,0,0,
763,-1.309718612,36.80260029,0,0,0,0,0,0,0,0,1,0,0,0,
764,-1.324497117,36.73239317,0,0,0,0,0,0,0,0,1,0,0,0,
765,-1.306147189,36.83711514,0,0,0,0,0,0,0,0,1,0,0,0,
766,-1.310195902,36.81958582,0,0,0,0,0,0,0,0,1,0,0,0,
767,-1.238181559,36.80879664,0,0,0,0,0,0,0,0,1,0,0,0,
768,-1.293600977,36.81788506,0,0,0,0,0,0,0,0,1,0,0,0,
769,-1.313729107,36.87681765,0,0,0,0,0,0,0,0,1,0,0,0,
770,-1.279724654,36.75197182,0,0,0,0,0,0,0,0,1,0,0,0,
771,-1.311125555,36.7883178,0,0,0,0,0,0,0,0,1,0,0,0,
772,-1.278028963,36.75317062,0,0,0,0,0,0,0,0,1,0,0,0,
773,-1.284926108,36.8395386,0,0,0,0,0,0,0,0,1,0,0,0,
774,-1.322202622,36.88937267,0,0,0,0,0,0,0,0,1,0,0,0,
775,-1.315129152,36.78397092,0,0,0,0,0,0,0,0,1,0,0,0,
776,-1.287860418,36.74835474,0,0,0,0,0,0,0,0,1,0,0,0,
777,-1.289850624,36.83387305,0,0,0,0,0,0,0,0,1,0,0,0,
778,-1.264297231,36.84705028,0,0,0,0,0,0,0,0,0,1,0,0,
779,-1.321217543,36.84865476,0,0,0,0,0,0,0,0,0,1,0,0,
780,-1.260889352,36.79054443,0,0,0,0,0,0,0,0,0,1,0,0,
781,-1.285262726,36.83889288,0,0,0,0,0,0,0,0,0,1,0,0,
782,-1.27920683,36.82599926,0,0,0,0,0,0,0,0,0,1,0,0,
783,-1.220247603,36.76754635,0,0,0,0,0,0,0,0,0,1,0,0,
784,-1.27026392,36.74420598,0,0,0,0,0,0,0,0,0,1,0,0,
785,-1.26623596,36.85382768,0,0,0,0,0,0,0,0,0,1,0,0,
786,-1.226115636,36.87024192,0,0,0,0,0,0,0,0,0,1,0,0,
787,-1.252037161,36.86943789,0,0,0,0,0,0,0,0,0,1,0,0,
788,-1.222073776,36.9193937,0,0,0,0,0,0,0,0,0,1,0,0,
789,-1.262517464,36.99673598,0,0,0,0,0,0,0,0,0,1,0,0,
790,-1.26890462,36.99814988,0,0,0,0,0,0,0,0,0,1,0,0,
791,-1.253743876,36.9922858,0,0,0,0,0,0,0,0,0,1,0,0,
792,-1.257372935,36.98148042,0,0,0,0,0,0,0,0,0,1,0,0,
793,-1.248949491,36.94749219,0,0,0,0,0,0,0,0,0,1,0,0,
794,-1.256555757,36.98492401,0,0,0,0,0,0,0,0,0,1,0,0,
795,-1.307843065,36.89486951,0,0,0,0,0,0,0,0,0,1,0,0,
796,-1.365780112,36.91117646,0,0,0,0,0,0,0,0,0,1,0,0,
797,-1.222398964,36.91134157,0,0,0,0,0,0,0,0,0,1,0,0,
798,-1.255317287,36.75245455,0,0,0,0,0,0,0,0,0,1,0,0,
799,-1.251107532,36.82344112,0,0,0,0,0,0,0,0,0,1,0,0,
800,-1.281888759,36.97218156,0,0,0,0,0,0,0,0,0,1,0,0,
801,-1.28716602,36.97346902,0,0,0,0,0,0,0,0,0,1,0,0,
802,-1.273412435,36.83858504,0,0,0,0,0,0,0,0,0,1,0,0,
803,-1.275169497,36.83156092,0,0,0,0,0,0,0,0,0,1,0,0,
804,-1.264334753,36.75762674,0,0,0,0,0,0,0,0,0,1,0,0,
805,-1.218154164,36.92374297,0,0,0,0,0,0,0,0,0,1,0,0,
806,-1.266336141,36.84446747,0,0,0,0,0,0,0,0,0,1,0,0,
807,-1.214698154,36.81877261,0,0,0,0,0,0,0,0,0,1,0,0,
808,-1.285262726,36.83889288,0,0,0,0,0,0,0,0,0,1,0,0,
809,-1.27920683,36.82599926,0,0,0,0,0,0,0,0,0,1,0,0,
810,-1.220247603,36.76754635,0,0,0,0,0,0,0,0,0,1,0,0,
811,-1.27026392,36.74420598,0,0,0,0,0,0,0,0,0,1,0,0,
812,-1.309780104,36.87976729,0,0,0,0,0,0,0,0,0,1,0,0,
813,-1.286063243,36.84252917,0,0,0,0,0,0,0,0,0,1,0,0,
814,-1.336982292,36.70809554,0,0,0,0,0,0,0,0,0,1,0,0,
815,-1.331065259,36.78259198,0,0,0,0,0,0,0,0,0,1,0,0,
816,-1.309583694,36.85907066,0,0,0,0,0,0,0,0,0,1,0,0,
817,-1.260889352,36.79054443,0,0,0,0,0,0,0,0,0,1,0,0,
818,-1.279401447,36.81820704,0,0,0,0,0,0,0,0,0,1,0,0,
819,-1.285783179,36.842886,0,0,0,0,0,0,0,0,0,1,0,0,
820,-1.33120655,36.85732956,0,0,0,0,0,0,0,0,0,1,0,0,
821,-1.307245745,36.87568117,0,0,0,0,0,0,0,0,0,1,0,0,
822,-1.254832462,36.75163896,0,0,0,0,0,0,0,0,0,1,0,0,
823,-1.282223169,36.82724631,0,0,0,0,0,0,0,0,0,1,0,0,
824,-1.298398777,36.76950264,0,0,0,0,0,0,0,0,0,1,0,0,
825,-1.270564254,36.74708131,0,0,0,0,0,0,0,0,0,1,0,0,
826,-1.28089635,36.84951611,0,0,0,0,0,0,0,0,0,1,0,0,
827,-1.275476025,36.79433349,0,0,0,0,0,0,0,0,0,1,0,0,
828,-1.274580735,36.79834877,0,0,0,0,0,0,0,0,0,1,0,0,
829,-1.271156872,36.82070379,0,0,0,0,0,0,0,0,0,1,0,0,
830,-1.286467955,36.97233109,0,0,0,0,0,0,0,0,0,1,0,0,
831,-1.269907262,36.82355835,0,0,0,0,0,0,0,0,0,1,0,0,
832,-1.271156872,36.82070379,0,0,0,0,0,0,0,0,0,1,0,0,
833,-1.319905366,36.78651181,0,0,0,0,0,0,0,0,0,1,0,0,
834,-1.227294259,36.8848301,0,0,0,0,0,0,0,0,0,1,0,0,
835,-1.296911449,36.74993718,0,0,0,0,0,0,0,0,0,1,0,0,
836,-1.310991552,36.79567747,0,0,0,0,0,0,0,0,0,1,0,0,
837,-1.304147189,36.83961514,0,0,0,0,0,0,0,0,0,1,0,0,
838,-1.308195902,36.82208582,0,0,0,0,0,0,0,0,0,1,0,0,
839,-1.236181559,36.81129664,0,0,0,0,0,0,0,0,0,1,0,0,
840,-1.291600977,36.82038506,0,0,0,0,0,0,0,0,0,1,0,0,
841,-1.33782699,36.76851917,0,0,0,0,0,0,0,0,0,1,0,0,
842,-1.302848726,36.76783157,0,0,0,0,0,0,0,0,0,1,0,0,
843,-1.282601039,36.73805489,0,0,0,0,0,0,0,0,0,1,0,0,
844,-1.263549822,36.80582552,0,0,0,0,0,0,0,0,0,1,0,0,
845,-1.28195217,36.88710018,0,0,0,0,0,0,0,0,0,1,0,0,
846,-1.271097308,36.80855406,0,0,0,0,0,0,0,0,0,1,0,0,
847,-1.289954896,36.73903778,0,0,0,0,0,0,0,0,0,1,0,0,
848,-1.29514269,36.7983148,0,0,0,0,0,0,0,0,0,1,0,0,
849,-1.293913356,36.86165015,0,0,0,0,0,0,0,0,0,1,0,0,
850,-1.220313017,36.89471615,0,0,0,0,0,0,0,0,0,1,0,0,
851,-1.304512823,36.82947038,0,0,0,0,0,0,0,0,0,1,0,0,
852,-1.280184767,36.83450385,0,0,0,0,0,0,0,0,0,1,0,0,
853,-1.292671967,36.89638622,0,0,0,0,0,0,0,0,0,1,0,0,
854,-1.280132736,36.75431151,0,0,0,0,0,0,0,0,0,1,0,0,
855,-1.277922328,36.71857532,0,0,0,0,0,0,0,0,0,1,0,0,
856,-1.307580605,36.88447473,0,0,0,0,0,0,0,0,0,1,0,0,
857,-1.284370772,36.70419013,0,0,0,0,0,0,0,0,0,1,0,0,
858,-1.310393423,36.85926361,0,0,0,0,0,0,0,0,0,1,0,0,
859,-1.295351904,36.89710105,0,0,0,0,0,0,0,0,0,1,0,0,
860,-1.273557458,36.70403492,0,0,0,0,0,0,0,0,0,1,0,0,
861,-1.279710688,36.72284129,0,0,0,0,0,0,0,0,0,1,0,0,
862,-1.266704354,36.74184633,0,0,0,0,0,0,0,0,0,1,0,0,
863,-1.278659919,36.74906094,0,0,0,0,0,0,0,0,0,1,0,0,
864,-1.269413561,36.70516016,0,0,0,0,0,0,0,0,0,1,0,0,
865,-1.282750687,36.70805353,0,0,0,0,0,0,0,0,0,1,0,0,
866,-1.305580605,36.88647473,0,0,0,0,0,0,0,0,0,1,0,0,
867,-1.282370772,36.70619013,0,0,0,0,0,0,0,0,0,1,0,0,
868,-1.308393423,36.86126361,0,0,0,0,0,0,0,0,0,1,0,0,
869,-1.293351904,36.89910105,0,0,0,0,0,0,0,0,0,1,0,0,
870,-1.251107532,36.82344112,0,0,0,0,0,0,0,0,0,1,0,0,
871,-1.281888759,36.97218156,0,0,0,0,0,0,0,0,0,1,0,0,
872,-1.28716602,36.97346902,0,0,0,0,0,0,0,0,0,0,1,0,
873,-1.28169849,36.75260965,0,0,0,0,0,0,0,0,0,0,1,0,
874,-1.296069797,36.8136669,0,0,0,0,0,0,0,0,0,0,1,0,
875,-1.225979448,36.86332274,0,0,0,0,0,0,0,0,0,0,1,0,
876,-1.336982292,36.70809554,0,0,0,0,0,0,0,0,0,0,1,0,
877,-1.331065259,36.78259198,0,0,0,0,0,0,0,0,0,0,1,0,
878,-1.309583694,36.85907066,0,0,0,0,0,0,0,0,0,0,1,0,
879,-1.278270824,36.75629812,0,0,0,0,0,0,0,0,0,0,1,0,
880,-1.267035636,36.7455168,0,0,0,0,0,0,0,0,0,0,1,0,
881,-1.284479673,36.74977939,0,0,0,0,0,0,0,0,0,0,1,0,
882,-1.279151513,36.75264235,0,0,0,0,0,0,0,0,0,0,1,0,
883,-1.256013735,36.85944449,0,0,0,0,0,0,0,0,0,0,1,0,
884,-1.250579715,36.87751927,0,0,0,0,0,0,0,0,0,0,1,0,
885,-1.222073776,36.9193937,0,0,0,0,0,0,0,0,0,0,1,0,
886,-1.262517464,36.99673598,0,0,0,0,0,0,0,0,0,0,1,0,
887,-1.26890462,36.99814988,0,0,0,0,0,0,0,0,0,0,1,0,
888,-1.253743876,36.9922858,0,0,0,0,0,0,0,0,0,0,1,0,
889,-1.257372935,36.98148042,0,0,0,0,0,0,0,0,0,0,1,0,
890,-1.248949491,36.94749219,0,0,0,0,0,0,0,0,0,0,1,0,
891,-1.256555757,36.98492401,0,0,0,0,0,0,0,0,0,0,1,0,
892,-1.255643006,36.99314075,0,0,0,0,0,0,0,0,0,0,1,0,
893,-1.226307968,36.92690806,0,0,0,0,0,0,0,0,0,0,1,0,
894,-1.226630547,36.92077766,0,0,0,0,0,0,0,0,0,0,1,0,
895,-1.210557338,36.89431668,0,0,0,0,0,0,0,0,0,0,1,0,
896,-1.220038891,36.89710029,0,0,0,0,0,0,0,0,0,0,1,0,
897,-1.224551873,36.91944378,0,0,0,0,0,0,0,0,0,0,1,0,
898,-1.242858004,36.91163496,0,0,0,0,0,0,0,0,0,0,1,0,
899,-1.242966536,36.90425308,0,0,0,0,0,0,0,0,0,0,1,0,
900,-1.247524852,36.90360174,0,0,0,0,0,0,0,0,0,0,1,0,
901,-1.244160381,36.90924671,0,0,0,0,0,0,0,0,0,0,1,0,
902,-1.246439539,36.89111767,0,0,0,0,0,0,0,0,0,0,1,0,
903,-1.247633383,36.88341012,0,0,0,0,0,0,0,0,0,0,1,0,
904,-1.253131904,36.89028328,0,0,0,0,0,0,0,0,0,0,1,0,
905,-1.255763848,36.86962154,0,0,0,0,0,0,0,0,0,0,1,0,
906,-1.257917253,36.86890357,0,0,0,0,0,0,0,0,0,0,1,0,
907,-1.283378793,36.84604977,0,0,0,0,0,0,0,0,0,0,1,0,
908,-1.281049864,36.84061424,0,0,0,0,0,0,0,0,0,0,1,0,
909,-1.302980534,36.8675978,0,0,0,0,0,0,0,0,0,0,1,0,
910,-1.227964284,36.75623634,0,0,0,0,0,0,0,0,0,0,1,0,
911,-1.285901798,36.84430264,0,0,0,0,0,0,0,0,0,0,1,0,
912,-1.300651623,36.85517371,0,0,0,0,0,0,0,0,0,0,1,0,
913,-1.277566273,36.75387562,0,0,0,0,0,0,0,0,0,0,1,0,
914,-1.307007382,36.69517465,0,0,0,0,0,0,0,0,0,0,1,0,
915,-1.278402927,36.75828017,0,0,0,0,0,0,0,0,0,0,1,0,
916,-1.300302928,36.70329268,0,0,0,0,0,0,0,0,0,0,1,0,
917,-1.277874514,36.75418394,0,0,0,0,0,0,0,0,0,0,1,0,
918,-1.268518469,36.73853704,0,0,0,0,0,0,0,0,0,0,1,0,
919,-1.295715809,36.76005381,0,0,0,0,0,0,0,0,0,0,1,0,
920,-1.227338314,36.80249075,0,0,0,0,0,0,0,0,0,0,1,0,
921,-1.229002405,36.8723987,0,0,0,0,0,0,0,0,0,0,1,0,
922,-1.271974041,36.82917408,0,0,0,0,0,0,0,0,0,0,1,0,
923,-1.252739633,36.81698932,0,0,0,0,0,0,0,0,0,0,1,0,
924,-1.274027364,36.83343373,0,0,0,0,0,0,0,0,0,0,1,0,
925,-1.269953459,36.83507395,0,0,0,0,0,0,0,0,0,0,1,0,
926,-1.273412435,36.83858504,0,0,0,0,0,0,0,0,0,0,1,0,
927,-1.275169497,36.83156092,0,0,0,0,0,0,0,0,0,0,1,0,
928,-1.264334753,36.75762674,0,0,0,0,0,0,0,0,0,0,1,0,
929,-1.218154164,36.92374297,0,0,0,0,0,0,0,0,0,0,1,0,
930,-1.266336141,36.84446747,0,0,0,0,0,0,0,0,0,0,1,0,
931,-1.214698154,36.81877261,0,0,0,0,0,0,0,0,0,0,1,0,
932,-1.30664101,36.79087242,0,0,0,0,0,0,0,0,0,0,1,0,
933,-1.248376491,36.75850554,0,0,0,0,0,0,0,0,0,0,1,0,
934,-1.29062457,36.79086254,0,0,0,0,0,0,0,0,0,0,1,0,
935,-1.327916771,36.6902207,0,0,0,0,0,0,0,0,0,0,1,0,
936,-1.287652333,36.84785191,0,0,0,0,0,0,0,0,0,0,1,0,
937,-1.245163557,36.92381733,0,0,0,0,0,0,0,0,0,0,1,0,
938,-1.306789941,36.74876303,0,0,0,0,0,0,0,0,0,0,1,0,
939,-1.259379481,36.98931985,0,0,0,0,0,0,0,0,0,0,1,0,
940,-1.271998466,36.89860604,0,0,0,0,0,0,0,0,0,0,1,0,
941,-1.264552891,36.81343915,0,0,0,0,0,0,0,0,0,0,1,0,
942,-1.306114933,36.8845448,0,0,0,0,0,0,0,0,0,0,1,0,
943,-1.271488879,36.89244602,0,0,0,0,0,0,0,0,0,0,1,0,
944,-1.300707396,36.74021214,0,0,0,0,0,0,0,0,0,0,1,0,
945,-1.276401447,36.82120704,0,0,0,0,0,0,0,0,0,0,1,0,
946,-1.314992779,36.81932438,0,0,0,0,0,0,0,0,0,0,1,0,
947,-1.276401447,36.82120704,0,0,0,0,0,0,0,0,0,0,1,0,
948,-1.282783179,36.845886,0,0,0,0,0,0,0,0,0,0,1,0,
949,-1.32820655,36.86032956,0,0,0,0,0,0,0,0,0,0,1,0,
950,-1.226881997,36.80652233,0,0,0,0,0,0,0,0,0,0,1,0,
951,-1.285158104,36.8425008,0,0,0,0,0,0,0,0,0,0,1,0,
952,-1.260007163,36.85840799,0,0,0,0,0,0,0,0,0,0,1,0,
953,-1.21575192,36.86217207,0,0,0,0,0,0,0,0,0,0,1,0,
954,-1.273317281,36.82348211,0,0,0,0,0,0,0,0,0,0,1,0,
955,-1.302020702,36.86492,0,0,0,0,0,0,0,0,0,0,1,0,
956,-1.260713358,36.75215798,0,0,0,0,0,0,0,0,0,0,1,0,
957,-1.281510486,36.82371993,0,0,0,0,0,0,0,0,0,0,1,0,
958,-1.30650235,36.86223339,0,0,0,0,0,0,0,0,0,0,1,0,
959,-1.259394656,36.72949036,0,0,0,0,0,0,0,0,0,0,1,0,
960,-1.287182268,36.74517664,0,0,0,0,0,0,0,0,0,0,1,0,
961,-1.280372473,36.82707575,0,0,0,0,0,0,0,0,0,0,1,0,
962,-1.28648269,36.83031234,0,0,0,0,0,0,0,0,0,0,1,0,
963,-1.302326425,36.81471631,0,0,0,0,0,0,0,0,0,0,0,1,
964,-1.318909773,36.86988118,0,0,0,0,0,0,0,0,0,0,0,1,
965,-1.248630021,36.94672841,0,0,0,0,0,0,0,0,0,0,0,1,
966,-1.235714588,36.93890301,0,0,0,0,0,0,0,0,0,0,0,1,
967,-1.261340736,36.73522518,0,0,0,0,0,0,0,0,0,0,0,1,
968,-1.265492187,36.85356571,0,0,0,0,0,0,0,0,0,0,0,1,
969,-1.289708049,36.73922055,0,0,0,0,0,0,0,0,0,0,0,1,
970,-1.244786725,36.84473187,0,0,0,0,0,0,0,0,0,0,0,1,
971,-1.280326539,36.90815909,0,0,0,0,0,0,0,0,0,0,0,1,
972,-1.25244958,36.69620788,0,0,0,0,0,0,0,0,0,0,0,1,
973,-1.252037161,36.86943789,0,0,0,0,0,0,0,0,0,0,0,1,
974,-1.263007163,36.85540799,0,0,0,0,0,0,0,0,0,0,0,1,
975,-1.295224969,36.80091824,0,0,0,0,0,0,0,0,0,0,0,1,
976,-1.317186985,36.86651382,0,0,0,0,0,0,0,0,0,0,0,1,
977,-1.277369819,36.8260016,0,0,0,0,0,0,0,0,0,0,0,1,
978,-1.279780058,36.81172316,0,0,0,0,0,0,0,0,0,0,0,1,
979,-1.315022001,36.84221549,0,0,0,0,0,0,0,0,0,0,0,1,
980,-1.312388066,36.79030111,0,0,0,0,0,0,0,0,0,0,0,1,
981,-1.281049864,36.84061424,0,0,0,0,0,0,0,0,0,0,0,1,
982,-1.302980534,36.8675978,0,0,0,0,0,0,0,0,0,0,0,1,
983,-1.227964284,36.75623634,0,0,0,0,0,0,0,0,0,0,0,1,
984,-1.285901798,36.84430264,0,0,0,0,0,0,0,0,0,0,0,1,
985,-1.300651623,36.85517371,0,0,0,0,0,0,0,0,0,0,0,1,
986,-1.277566273,36.75387562,0,0,0,0,0,0,0,0,0,0,0,1,
987,-1.307007382,36.69517465,0,0,0,0,0,0,0,0,0,0,0,1,
988,-1.285785907,36.84077413,0,0,0,0,0,0,0,0,0,0,0,1,
989,-1.310463902,36.83429498,0,0,0,0,0,0,0,0,0,0,0,1,
990,-1.255668828,36.87138793,0,0,0,0,0,0,0,0,0,0,0,1,
991,-1.311847915,36.87799065,0,0,0,0,0,0,0,0,0,0,0,1,
992,-1.285554987,36.84216825,0,0,0,0,0,0,0,0,0,0,0,1,
993,-1.309598265,36.78607259,0,0,0,0,0,0,0,0,0,0,0,1,
994,-1.265057347,36.85518166,0,0,0,0,0,0,0,0,0,0,0,1,
995,-1.310767864,36.88983896,0,0,0,0,0,0,0,0,0,0,0,1,
996,-1.309432577,36.88984117,0,0,0,0,0,0,0,0,0,0,0,1,
997,-1.262893537,36.85383852,0,0,0,0,0,0,0,0,0,0,0,1,
998,-1.315487407,36.88225878,0,0,0,0,0,0,0,0,0,0,0,1,
999,-1.262904176,36.85312875,0,0,0,0,0,0,0,0,0,0,0,1,
1000,-1.29373518,36.86226521,0,0,0,0,0,0,0,0,0,0,0,1,
1001,-1.265017532,36.84523414,0,0,0,0,0,0,0,0,0,0,0,1,
1002,-1.260606979,36.91090292,0,0,0,0,0,0,0,0,0,0,0,1,
1003,-1.265106904,36.84148605,0,0,0,0,0,0,0,0,0,0,0,1,
1004,-1.293617708,36.87237041,0,0,0,0,0,0,0,0,0,0,0,1,
1005,-1.274488879,36.88944602,0,0,0,0,0,0,0,0,0,0,0,1,
1006,-1.303707396,36.73721214,0,0,0,0,0,0,0,0,0,0,0,1,
1007,-1.279401447,36.81820704,0,0,0,0,0,0,0,0,0,0,0,1,
1008,-1.317992779,36.81632438,0,0,0,0,0,0,0,0,0,0,0,1,
1009,-1.279401447,36.81820704,0,0,0,0,0,0,0,0,0,0,0,1,
1010,-1.285783179,36.842886,0,0,0,0,0,0,0,0,0,0,0,1,
1011,-1.33120655,36.85732956,0,0,0,0,0,0,0,0,0,0,0,1,
1012,-1.229881997,36.80352233,0,0,0,0,0,0,0,0,0,0,0,1,
1013,-1.288158104,36.8395008,0,0,0,0,0,0,0,0,0,0,0,1,
1014,-1.268082338,36.74093904,0,0,0,0,0,0,0,0,0,0,0,1,
1015,-1.284687617,36.72309878,0,0,0,0,0,0,0,0,0,0,0,1,
1016,-1.262444026,36.73043964,0,0,0,0,0,0,0,0,0,0,0,1,
1017,-1.267243289,36.92088161,0,0,0,0,0,0,0,0,0,0,0,1,
1018,-1.272674322,36.70464518,0,0,0,0,0,0,0,0,0,0,0,1,
1019,-1.279598385,36.91397558,0,0,0,0,0,0,0,0,0,0,0,1,
1020,-1.279750687,36.71105353,0,0,0,0,0,0,0,0,0,0,0,1,
1021,-1.286921964,36.73708511,0,0,0,0,0,0,0,0,0,0,0,1,
1022,-1.285017389,36.7430966,0,0,0,0,0,0,0,0,0,0,0,1,
1023,-1.275326539,36.91315909,0,0,0,0,0,0,0,0,0,0,0,1,
1024,-1.24744958,36.70120788,0,0,0,0,0,0,0,0,0,0,0,1,
1025,-1.302667213,36.87135361,0,0,0,0,0,0,0,0,0,0,0,1,
1026,-1.268215561,36.70730186,0,0,0,0,0,0,0,0,0,0,0,1,
1027,-1.235965321,36.76165752,0,0,0,0,0,0,0,0,0,0,0,1,
1028,-1.265082338,36.74393904,0,0,0,0,0,0,0,0,0,0,0,1,
1029,-1.281687617,36.72609878,0,0,0,0,0,0,0,0,0,0,0,1,
1030,-1.259444026,36.73343964,0,0,0,0,0,0,0,0,0,0,0,1,
1031,-1.264243289,36.92388161,0,0,0,0,0,0,0,0,0,0,0,1,
1032,-1.269674322,36.70764518,0,0,0,0,0,0,0,0,0,0,0,1,
1033,-1.276598385,36.91697558,0,0,0,0,0,0,0,0,0,0,0,1,
1034,-1.262668772,36.75071929,0,0,0,0,0,0,0,0,0,0,0,1,
1035,-1.287318198,36.90661654,0,0,0,0,0,0,0,0,0,0,0,1,
1036,-1.271647939,36.7200048,0,0,0,0,0,0,0,0,0,0,0,1,
1037,-1.287671967,36.90138622,0,0,0,0,0,0,0,0,0,0,0,1,
1038,-1.275132736,36.75931151,0,0,0,0,0,0,0,0,0,0,0,1,
1039,-1.302848726,36.76783157,0,0,0,0,0,0,0,0,0,0,0,1,
1040,-1.282601039,36.73805489,0,0,0,0,0,0,0,0,0,0,0,1,
1041,-1.263549822,36.80582552,0,0,0,0,0,0,0,0,0,0,0,1,
1042,-1.28195217,36.88710018,0,0,0,0,0,0,0,0,0,0,0,1,
1043,-1.271097308,36.80855406,0,0,0,0,0,0,0,0,0,0,0,1,
1044,-1.289954896,36.73903778,0,0,0,0,0,0,0,0,0,0,0,1,
1045,-1.278660426,36.77884643,0,0,0,0,0,0,0,0,0,0,0,1,
1046,-1.322631195,36.88572548,0,0,0,0,0,0,0,0,0,0,0,1,
1047,-1.321223383,36.79287029,0,0,0,0,0,0,0,0,0,0,0,1,
1048,-1.233517013,36.84396457,0,0,0,0,0,0,0,0,0,0,0,1,
1049,-1.293016267,36.75372204,0,0,0,0,0,0,0,0,0,0,0,1,
1050,-1.321730213,36.88618682,0,0,0,0,0,0,0,0,0,0,0,1,
1051,-1.31040244,36.88770386,0,0,0,0,0,0,0,0,0,0,0,1,
1052,-1.295673475,36.87489672,0,0,0,0,0,0,0,0,0,0,0,1,
1053,-1.265256694,36.88397176,0,0,0,0,0,0,0,0,0,0,0,1,
1054,-1.28363253,36.87002037,0,0,0,0,0,0,0,0,0,0,0,1,
1055,-1.28237529,36.75303825,0,0,0,0,0,0,0,0,0,0,0,1,
1056,-1.266775559,36.88490804,0,0,0,0,0,0,0,0,0,0,0,1,
1057,-1.25969103,36.8640285,0,0,0,0,0,0,0,0,0,0,0,1,
1058,-1.314729107,36.87581765,0,0,0,0,0,0,0,0,0,0,0,1,
1059,-1.280724654,36.75097182,0,0,0,0,0,0,0,0,0,0,0,1,
1060,-1.312125555,36.7873178,0,0,0,0,0,0,0,0,0,0,0,1,
1061,-1.279028963,36.75217062,0,0,0,0,0,0,0,0,0,0,0,1,
1062,-1.285926108,36.8385386,0,0,0,0,0,0,0,0,0,0,0,1,
1063,-1.318202622,36.89337267,0,0,0,0,0,0,0,0,0,0,0,1,
1064,-1.311129152,36.78797092,0,0,0,0,0,0,0,0,0,0,0,1,
1065,-1.283860418,36.75235474,0,0,0,0,0,0,0,0,0,0,0,1,
1066,-1.285850624,36.83787305,0,0,0,0,0,0,0,0,0,0,0,1,
1067,-1.260297231,36.85105028,0,0,0,0,0,0,0,0,0,0,0,1,
1068,-1.317217543,36.85265476,0,0,0,0,0,0,0,0,0,0,0,1,
1069,-1.179261416,36.91417102,0,0,0,0,0,0,0,0,0,0,0,1,
1070,-1.213198807,36.86536948,0,0,0,0,0,0,0,0,0,0,0,1,
1071,-1.282287855,36.8690741,0,0,0,0,0,0,0,0,0,0,0,1,
1072,-1.198372003,36.89820462,0,0,0,0,0,0,0,0,0,0,0,1,
1073,-1.307245745,36.87568117,0,0,0,0,0,0,0,0,0,0,0,1,
1074,-1.254832462,36.75163896,0,0,0,0,0,0,0,0,0,0,0,1,
1075,-1.282223169,36.82724631,0,0,0,0,0,0,0,0,0,0,0,1,
1076,-1.220630047,36.90180268,0,0,0,0,0,0,0,0,0,0,0,1,
1077,-1.365780112,36.91117646,0,0,0,0,0,0,0,0,0,0,0,1,
1078,-1.222398964,36.91134157,0,0,0,0,0,0,0,0,0,0,0,1,
1079,-1.321416064,36.82374368,0,0,0,0,0,0,0,0,0,0,0,1,
1080,-1.229002405,36.8723987,0,0,0,0,0,0,0,0,0,0,0,1,
1081,-1.271974041,36.82917408,0,0,0,0,0,0,0,0,0,0,0,1,
1082,-1.252739633,36.81698932,0,0,0,0,0,0,0,0,0,0,0,1,
1083,-1.274027364,36.83343373,0,0,0,0,0,0,0,0,0,0,0,1,
1084,-1.269953459,36.83507395,0,0,0,0,0,0,0,0,0,0,0,1,
1085,-1.265017532,36.84523414,0,0,0,0,0,0,0,0,0,0,0,1,
1086,-1.260606979,36.91090292,0,0,0,0,0,0,0,0,0,0,0,1,
1087,-1.265106904,36.84148605,0,0,0,0,0,0,0,0,0,0,0,1,
1088,-1.293617708,36.87237041,0,0,0,0,0,0,0,0,0,0,0,1,
1089,-1.267263459,36.83685021,0,0,0,0,0,0,0,0,0,0,0,1,
1090,-1.282397577,36.74535722,0,0,0,0,0,0,0,0,0,0,0,1,
1091,-1.307271572,36.78871455,0,0,0,0,0,0,0,0,0,0,0,1,
1092,-1.25639209,36.86927443,0,0,0,0,0,0,0,0,0,0,0,1,
1093,-1.256797231,36.84655028,0,0,0,0,0,0,0,0,0,0,0,1,
1094,-1.224464284,36.75173634,0,0,0,0,0,0,0,0,0,0,0,1,
1095,-1.282401798,36.83980264,0,0,0,0,0,0,0,0,0,0,0,1,
1096,-1.297151623,36.85067371,0,0,0,0,0,0,0,0,0,0,0,1,
1097,-1.274066273,36.74937562,0,0,0,0,0,0,0,0,0,0,0,1,
1098,-1.303507382,36.69067465,0,0,0,0,0,0,0,0,0,0,0,1,
1099,-1.274902927,36.75378017,0,0,0,0,0,0,0,0,0,0,0,1,
1100,-1.296802928,36.69879268,0,0,0,0,0,0,0,0,0,0,0,1,
1101,-1.275901447,36.81370704,0,0,0,0,0,0,0,0,0,0,0,1,
1102,-1.314492779,36.81182438,0,0,0,0,0,0,0,0,0,0,0,1,
1103,-1.275901447,36.81370704,0,0,0,0,0,0,0,0,0,0,0,1,
1104,-1.282283179,36.838386,0,0,0,0,0,0,0,0,0,0,0,1,
1105,-1.32770655,36.85282956,0,0,0,0,0,0,0,0,0,0,0,1,
1106,-1.226381997,36.79902233,0,0,0,0,0,0,0,0,0,0,0,1,
1107,-1.284658104,36.8350008,0,0,0,0,0,0,0,0,0,0,0,1,
1108,-1.304695902,36.81758582,0,0,0,0,0,0,0,0,0,0,0,1,
1109,-1.232681559,36.80679664,0,0,0,0,0,0,0,0,0,0,0,1,
1110,-1.21525192,36.85467207,0,0,0,0,0,0,0,0,0,0,0,1,
1111,-1.272817281,36.81598211,0,0,0,0,0,0,0,0,0,0,0,1,
1112,-1.301520702,36.85742,0,0,0,0,0,0,0,0,0,0,0,1,
1113,-1.29114269,36.8013148,0,0,0,0,0,0,0,0,0,0,0,1,
1114,-1.289913356,36.86465015,0,0,0,0,0,0,0,0,0,0,0,1,
1115,-1.216313017,36.89771615,0,0,0,0,0,0,0,0,0,0,0,1,
1116,-1.300512823,36.83247038,0,0,0,0,0,0,0,0,0,0,0,1,
1117,-1.276184767,36.83750385,0,0,0,0,0,0,0,0,0,0,0,1,
1118,-1.220143766,36.91755249,0,0,0,0,0,0,0,0,0,0,0,1,
1119,-1.279941098,36.91442321,0,0,0,0,0,0,0,0,0,0,0,1,
1120,-1.297634809,36.86437715,0,0,0,0,0,0,0,0,0,0,0,1,
1121,-1.299832528,36.8693883,0,0,0,0,0,0,0,0,0,0,0,1,
1122,-1.283182268,36.74817664,0,0,0,0,0,0,0,0,0,0,0,1,
1123,-1.276372473,36.83007575,0,0,0,0,0,0,0,0,0,0,0,1,
1124,-1.28248269,36.83331234,0,0,0,0,0,0,0,0,0,0,0,1,
1125,-1.298326425,36.81771631,0,0,0,0,0,0,0,0,0,0,0,1,
1126,-1.314909773,36.87288118,0,0,0,0,0,0,0,0,0,0,0,1,
1127,-1.314992779,36.81882438,0,0,0,0,0,0,0,0,0,0,0,1,
1128,-1.276401447,36.82070704,0,0,0,0,0,0,0,0,0,0,0,1,
1129,-1.282783179,36.845386,0,0,0,0,0,0,0,0,0,0,0,1,
1130,-1.32820655,36.85982956,0,0,0,0,0,0,0,0,0,0,0,1,
1131,-1.226881997,36.80602233,0,0,0,0,0,0,0,0,0,0,0,1,
1132,-1.285158104,36.8420008,0,0,0,0,0,0,0,0,0,0,0,1,
1133,-1.260007163,36.85790799,0,0,0,0,0,0,0,0,0,0,0,1,
1134,-1.21575192,36.86167207,0,0,0,0,0,0,0,0,0,0,0,1,
1135,-1.273317281,36.82298211,0,0,0,0,0,0,0,0,0,0,0,1,
1136,-1.302020702,36.86442,0,0,0,0,0,0,0,0,0,0,0,1,
1137,-1.260713358,36.75165798,0,0,0,0,0,0,0,0,0,0,0,1,
